"Column Name","Label"
"GEO_ID","Geography"
"NAME","Geographic Area Name"
"S1401_C01_001E","Estimate!!Total!!Population 3 years and over enrolled in school"
"S1401_C01_001M","Margin of Error!!Total!!Population 3 years and over enrolled in school"
"S1401_C01_001MA","Annotation of Margin of Error!!Total!!Population 3 years and over enrolled in school"
"S1401_C01_001EA","Annotation of Estimate!!Total!!Population 3 years and over enrolled in school"
"S1401_C01_002E","Estimate!!Total!!Population 3 years and over enrolled in school!!Nursery school, preschool"
"S1401_C01_002EA","Annotation of Estimate!!Total!!Population 3 years and over enrolled in school!!Nursery school, preschool"
"S1401_C01_002M","Margin of Error!!Total!!Population 3 years and over enrolled in school!!Nursery school, preschool"
"S1401_C01_002MA","Annotation of Margin of Error!!Total!!Population 3 years and over enrolled in school!!Nursery school, preschool"
"S1401_C01_003E","Estimate!!Total!!Population 3 years and over enrolled in school!!Kindergarten to 12th grade"
"S1401_C01_003EA","Annotation of Estimate!!Total!!Population 3 years and over enrolled in school!!Kindergarten to 12th grade"
"S1401_C01_003M","Margin of Error!!Total!!Population 3 years and over enrolled in school!!Kindergarten to 12th grade"
"S1401_C01_003MA","Annotation of Margin of Error!!Total!!Population 3 years and over enrolled in school!!Kindergarten to 12th grade"
"S1401_C01_004E","Estimate!!Total!!Population 3 years and over enrolled in school!!Kindergarten to 12th grade!!Kindergarten"
"S1401_C01_004EA","Annotation of Estimate!!Total!!Population 3 years and over enrolled in school!!Kindergarten to 12th grade!!Kindergarten"
"S1401_C01_004M","Margin of Error!!Total!!Population 3 years and over enrolled in school!!Kindergarten to 12th grade!!Kindergarten"
"S1401_C01_004MA","Annotation of Margin of Error!!Total!!Population 3 years and over enrolled in school!!Kindergarten to 12th grade!!Kindergarten"
"S1401_C01_005E","Estimate!!Total!!Population 3 years and over enrolled in school!!Kindergarten to 12th grade!!Elementary: grade 1 to grade 4"
"S1401_C01_005EA","Annotation of Estimate!!Total!!Population 3 years and over enrolled in school!!Kindergarten to 12th grade!!Elementary: grade 1 to grade 4"
"S1401_C01_005M","Margin of Error!!Total!!Population 3 years and over enrolled in school!!Kindergarten to 12th grade!!Elementary: grade 1 to grade 4"
"S1401_C01_005MA","Annotation of Margin of Error!!Total!!Population 3 years and over enrolled in school!!Kindergarten to 12th grade!!Elementary: grade 1 to grade 4"
"S1401_C01_006E","Estimate!!Total!!Population 3 years and over enrolled in school!!Kindergarten to 12th grade!!Elementary: grade 5 to grade 8"
"S1401_C01_006EA","Annotation of Estimate!!Total!!Population 3 years and over enrolled in school!!Kindergarten to 12th grade!!Elementary: grade 5 to grade 8"
"S1401_C01_006M","Margin of Error!!Total!!Population 3 years and over enrolled in school!!Kindergarten to 12th grade!!Elementary: grade 5 to grade 8"
"S1401_C01_006MA","Annotation of Margin of Error!!Total!!Population 3 years and over enrolled in school!!Kindergarten to 12th grade!!Elementary: grade 5 to grade 8"
"S1401_C01_007E","Estimate!!Total!!Population 3 years and over enrolled in school!!Kindergarten to 12th grade!!High school: grade 9 to grade 12"
"S1401_C01_007M","Margin of Error!!Total!!Population 3 years and over enrolled in school!!Kindergarten to 12th grade!!High school: grade 9 to grade 12"
"S1401_C01_007MA","Annotation of Margin of Error!!Total!!Population 3 years and over enrolled in school!!Kindergarten to 12th grade!!High school: grade 9 to grade 12"
"S1401_C01_007EA","Annotation of Estimate!!Total!!Population 3 years and over enrolled in school!!Kindergarten to 12th grade!!High school: grade 9 to grade 12"
"S1401_C01_008E","Estimate!!Total!!Population 3 years and over enrolled in school!!College, undergraduate"
"S1401_C01_008EA","Annotation of Estimate!!Total!!Population 3 years and over enrolled in school!!College, undergraduate"
"S1401_C01_008M","Margin of Error!!Total!!Population 3 years and over enrolled in school!!College, undergraduate"
"S1401_C01_008MA","Annotation of Margin of Error!!Total!!Population 3 years and over enrolled in school!!College, undergraduate"
"S1401_C01_009E","Estimate!!Total!!Population 3 years and over enrolled in school!!Graduate, professional school"
"S1401_C01_009EA","Annotation of Estimate!!Total!!Population 3 years and over enrolled in school!!Graduate, professional school"
"S1401_C01_009M","Margin of Error!!Total!!Population 3 years and over enrolled in school!!Graduate, professional school"
"S1401_C01_009MA","Annotation of Margin of Error!!Total!!Population 3 years and over enrolled in school!!Graduate, professional school"
"S1401_C01_010E","Estimate!!Total!!Population enrolled in college or graduate school"
"S1401_C01_010EA","Annotation of Estimate!!Total!!Population enrolled in college or graduate school"
"S1401_C01_010M","Margin of Error!!Total!!Population enrolled in college or graduate school"
"S1401_C01_010MA","Annotation of Margin of Error!!Total!!Population enrolled in college or graduate school"
"S1401_C01_011E","Estimate!!Total!!Population enrolled in college or graduate school!!Males enrolled in college or graduate school"
"S1401_C01_011M","Margin of Error!!Total!!Population enrolled in college or graduate school!!Males enrolled in college or graduate school"
"S1401_C01_011MA","Annotation of Margin of Error!!Total!!Population enrolled in college or graduate school!!Males enrolled in college or graduate school"
"S1401_C01_011EA","Annotation of Estimate!!Total!!Population enrolled in college or graduate school!!Males enrolled in college or graduate school"
"S1401_C01_012E","Estimate!!Total!!Population enrolled in college or graduate school!!Females enrolled in college or graduate school"
"S1401_C01_012EA","Annotation of Estimate!!Total!!Population enrolled in college or graduate school!!Females enrolled in college or graduate school"
"S1401_C01_012M","Margin of Error!!Total!!Population enrolled in college or graduate school!!Females enrolled in college or graduate school"
"S1401_C01_012MA","Annotation of Margin of Error!!Total!!Population enrolled in college or graduate school!!Females enrolled in college or graduate school"
"S1401_C01_013E","Estimate!!Total!!Population 3 to 4 years"
"S1401_C01_013EA","Annotation of Estimate!!Total!!Population 3 to 4 years"
"S1401_C01_013M","Margin of Error!!Total!!Population 3 to 4 years"
"S1401_C01_013MA","Annotation of Margin of Error!!Total!!Population 3 to 4 years"
"S1401_C01_014E","Estimate!!Total!!Population 3 to 4 years!!3 to 4 year olds enrolled in school"
"S1401_C01_014M","Margin of Error!!Total!!Population 3 to 4 years!!3 to 4 year olds enrolled in school"
"S1401_C01_014MA","Annotation of Margin of Error!!Total!!Population 3 to 4 years!!3 to 4 year olds enrolled in school"
"S1401_C01_014EA","Annotation of Estimate!!Total!!Population 3 to 4 years!!3 to 4 year olds enrolled in school"
"S1401_C01_015E","Estimate!!Total!!Population 5 to 9 years"
"S1401_C01_015EA","Annotation of Estimate!!Total!!Population 5 to 9 years"
"S1401_C01_015M","Margin of Error!!Total!!Population 5 to 9 years"
"S1401_C01_015MA","Annotation of Margin of Error!!Total!!Population 5 to 9 years"
"S1401_C01_016E","Estimate!!Total!!Population 5 to 9 years!!5 to 9 year olds enrolled in school"
"S1401_C01_016EA","Annotation of Estimate!!Total!!Population 5 to 9 years!!5 to 9 year olds enrolled in school"
"S1401_C01_016M","Margin of Error!!Total!!Population 5 to 9 years!!5 to 9 year olds enrolled in school"
"S1401_C01_016MA","Annotation of Margin of Error!!Total!!Population 5 to 9 years!!5 to 9 year olds enrolled in school"
"S1401_C01_017E","Estimate!!Total!!Population 10 to 14 years"
"S1401_C01_017EA","Annotation of Estimate!!Total!!Population 10 to 14 years"
"S1401_C01_017M","Margin of Error!!Total!!Population 10 to 14 years"
"S1401_C01_017MA","Annotation of Margin of Error!!Total!!Population 10 to 14 years"
"S1401_C01_018E","Estimate!!Total!!Population 10 to 14 years!!10 to 14 year olds enrolled in school"
"S1401_C01_018EA","Annotation of Estimate!!Total!!Population 10 to 14 years!!10 to 14 year olds enrolled in school"
"S1401_C01_018M","Margin of Error!!Total!!Population 10 to 14 years!!10 to 14 year olds enrolled in school"
"S1401_C01_018MA","Annotation of Margin of Error!!Total!!Population 10 to 14 years!!10 to 14 year olds enrolled in school"
"S1401_C01_019E","Estimate!!Total!!Population 15 to 17"
"S1401_C01_019EA","Annotation of Estimate!!Total!!Population 15 to 17"
"S1401_C01_019M","Margin of Error!!Total!!Population 15 to 17"
"S1401_C01_019MA","Annotation of Margin of Error!!Total!!Population 15 to 17"
"S1401_C01_020E","Estimate!!Total!!Population 15 to 17!!15 to 17 year olds enrolled in school"
"S1401_C01_020EA","Annotation of Estimate!!Total!!Population 15 to 17!!15 to 17 year olds enrolled in school"
"S1401_C01_020M","Margin of Error!!Total!!Population 15 to 17!!15 to 17 year olds enrolled in school"
"S1401_C01_020MA","Annotation of Margin of Error!!Total!!Population 15 to 17!!15 to 17 year olds enrolled in school"
"S1401_C01_021E","Estimate!!Total!!Population 18 to 19 years"
"S1401_C01_021M","Margin of Error!!Total!!Population 18 to 19 years"
"S1401_C01_021MA","Annotation of Margin of Error!!Total!!Population 18 to 19 years"
"S1401_C01_021EA","Annotation of Estimate!!Total!!Population 18 to 19 years"
"S1401_C01_022E","Estimate!!Total!!Population 18 to 19 years!!18 and 19 year olds enrolled in school"
"S1401_C01_022EA","Annotation of Estimate!!Total!!Population 18 to 19 years!!18 and 19 year olds enrolled in school"
"S1401_C01_022M","Margin of Error!!Total!!Population 18 to 19 years!!18 and 19 year olds enrolled in school"
"S1401_C01_022MA","Annotation of Margin of Error!!Total!!Population 18 to 19 years!!18 and 19 year olds enrolled in school"
"S1401_C01_023E","Estimate!!Total!!Population 20 to 24 years"
"S1401_C01_023EA","Annotation of Estimate!!Total!!Population 20 to 24 years"
"S1401_C01_023M","Margin of Error!!Total!!Population 20 to 24 years"
"S1401_C01_023MA","Annotation of Margin of Error!!Total!!Population 20 to 24 years"
"S1401_C01_024E","Estimate!!Total!!Population 20 to 24 years!!20 to 24 year olds enrolled in school"
"S1401_C01_024EA","Annotation of Estimate!!Total!!Population 20 to 24 years!!20 to 24 year olds enrolled in school"
"S1401_C01_024M","Margin of Error!!Total!!Population 20 to 24 years!!20 to 24 year olds enrolled in school"
"S1401_C01_024MA","Annotation of Margin of Error!!Total!!Population 20 to 24 years!!20 to 24 year olds enrolled in school"
"S1401_C01_025E","Estimate!!Total!!Population 25 to 34 years"
"S1401_C01_025EA","Annotation of Estimate!!Total!!Population 25 to 34 years"
"S1401_C01_025M","Margin of Error!!Total!!Population 25 to 34 years"
"S1401_C01_025MA","Annotation of Margin of Error!!Total!!Population 25 to 34 years"
"S1401_C01_026E","Estimate!!Total!!Population 25 to 34 years!!25 to 34 year olds enrolled in school"
"S1401_C01_026EA","Annotation of Estimate!!Total!!Population 25 to 34 years!!25 to 34 year olds enrolled in school"
"S1401_C01_026M","Margin of Error!!Total!!Population 25 to 34 years!!25 to 34 year olds enrolled in school"
"S1401_C01_026MA","Annotation of Margin of Error!!Total!!Population 25 to 34 years!!25 to 34 year olds enrolled in school"
"S1401_C01_027E","Estimate!!Total!!Population 35 years and over"
"S1401_C01_027EA","Annotation of Estimate!!Total!!Population 35 years and over"
"S1401_C01_027M","Margin of Error!!Total!!Population 35 years and over"
"S1401_C01_027MA","Annotation of Margin of Error!!Total!!Population 35 years and over"
"S1401_C01_028E","Estimate!!Total!!Population 35 years and over!!35 years and over enrolled in school"
"S1401_C01_028EA","Annotation of Estimate!!Total!!Population 35 years and over!!35 years and over enrolled in school"
"S1401_C01_028M","Margin of Error!!Total!!Population 35 years and over!!35 years and over enrolled in school"
"S1401_C01_028MA","Annotation of Margin of Error!!Total!!Population 35 years and over!!35 years and over enrolled in school"
"S1401_C01_029E","Estimate!!Total!!Population 18 to 24 years"
"S1401_C01_029EA","Annotation of Estimate!!Total!!Population 18 to 24 years"
"S1401_C01_029M","Margin of Error!!Total!!Population 18 to 24 years"
"S1401_C01_029MA","Annotation of Margin of Error!!Total!!Population 18 to 24 years"
"S1401_C01_030E","Estimate!!Total!!Population 18 to 24 years!!Enrolled in college or graduate school"
"S1401_C01_030EA","Annotation of Estimate!!Total!!Population 18 to 24 years!!Enrolled in college or graduate school"
"S1401_C01_030M","Margin of Error!!Total!!Population 18 to 24 years!!Enrolled in college or graduate school"
"S1401_C01_030MA","Annotation of Margin of Error!!Total!!Population 18 to 24 years!!Enrolled in college or graduate school"
"S1401_C01_031E","Estimate!!Total!!Population 18 to 24 years!!Males 18 to 24 years"
"S1401_C01_031EA","Annotation of Estimate!!Total!!Population 18 to 24 years!!Males 18 to 24 years"
"S1401_C01_031M","Margin of Error!!Total!!Population 18 to 24 years!!Males 18 to 24 years"
"S1401_C01_031MA","Annotation of Margin of Error!!Total!!Population 18 to 24 years!!Males 18 to 24 years"
"S1401_C01_032E","Estimate!!Total!!Population 18 to 24 years!!Males 18 to 24 years!!Enrolled in college or graduate school"
"S1401_C01_032M","Margin of Error!!Total!!Population 18 to 24 years!!Males 18 to 24 years!!Enrolled in college or graduate school"
"S1401_C01_032MA","Annotation of Margin of Error!!Total!!Population 18 to 24 years!!Males 18 to 24 years!!Enrolled in college or graduate school"
"S1401_C01_032EA","Annotation of Estimate!!Total!!Population 18 to 24 years!!Males 18 to 24 years!!Enrolled in college or graduate school"
"S1401_C01_033E","Estimate!!Total!!Population 18 to 24 years!!Females 18 to 24 years"
"S1401_C01_033EA","Annotation of Estimate!!Total!!Population 18 to 24 years!!Females 18 to 24 years"
"S1401_C01_033M","Margin of Error!!Total!!Population 18 to 24 years!!Females 18 to 24 years"
"S1401_C01_033MA","Annotation of Margin of Error!!Total!!Population 18 to 24 years!!Females 18 to 24 years"
"S1401_C01_034E","Estimate!!Total!!Population 18 to 24 years!!Females 18 to 24 years!!Enrolled in college or graduate school"
"S1401_C01_034EA","Annotation of Estimate!!Total!!Population 18 to 24 years!!Females 18 to 24 years!!Enrolled in college or graduate school"
"S1401_C01_034M","Margin of Error!!Total!!Population 18 to 24 years!!Females 18 to 24 years!!Enrolled in college or graduate school"
"S1401_C01_034MA","Annotation of Margin of Error!!Total!!Population 18 to 24 years!!Females 18 to 24 years!!Enrolled in college or graduate school"
"S1401_C02_001E","Estimate!!Percent!!Population 3 years and over enrolled in school"
"S1401_C02_001EA","Annotation of Estimate!!Percent!!Population 3 years and over enrolled in school"
"S1401_C02_001M","Margin of Error!!Percent!!Population 3 years and over enrolled in school"
"S1401_C02_001MA","Annotation of Margin of Error!!Percent!!Population 3 years and over enrolled in school"
"S1401_C02_002E","Estimate!!Percent!!Population 3 years and over enrolled in school!!Nursery school, preschool"
"S1401_C02_002EA","Annotation of Estimate!!Percent!!Population 3 years and over enrolled in school!!Nursery school, preschool"
"S1401_C02_002M","Margin of Error!!Percent!!Population 3 years and over enrolled in school!!Nursery school, preschool"
"S1401_C02_002MA","Annotation of Margin of Error!!Percent!!Population 3 years and over enrolled in school!!Nursery school, preschool"
"S1401_C02_003E","Estimate!!Percent!!Population 3 years and over enrolled in school!!Kindergarten to 12th grade"
"S1401_C02_003EA","Annotation of Estimate!!Percent!!Population 3 years and over enrolled in school!!Kindergarten to 12th grade"
"S1401_C02_003M","Margin of Error!!Percent!!Population 3 years and over enrolled in school!!Kindergarten to 12th grade"
"S1401_C02_003MA","Annotation of Margin of Error!!Percent!!Population 3 years and over enrolled in school!!Kindergarten to 12th grade"
"S1401_C02_004E","Estimate!!Percent!!Population 3 years and over enrolled in school!!Kindergarten to 12th grade!!Kindergarten"
"S1401_C02_004EA","Annotation of Estimate!!Percent!!Population 3 years and over enrolled in school!!Kindergarten to 12th grade!!Kindergarten"
"S1401_C02_004M","Margin of Error!!Percent!!Population 3 years and over enrolled in school!!Kindergarten to 12th grade!!Kindergarten"
"S1401_C02_004MA","Annotation of Margin of Error!!Percent!!Population 3 years and over enrolled in school!!Kindergarten to 12th grade!!Kindergarten"
"S1401_C02_005E","Estimate!!Percent!!Population 3 years and over enrolled in school!!Kindergarten to 12th grade!!Elementary: grade 1 to grade 4"
"S1401_C02_005EA","Annotation of Estimate!!Percent!!Population 3 years and over enrolled in school!!Kindergarten to 12th grade!!Elementary: grade 1 to grade 4"
"S1401_C02_005M","Margin of Error!!Percent!!Population 3 years and over enrolled in school!!Kindergarten to 12th grade!!Elementary: grade 1 to grade 4"
"S1401_C02_005MA","Annotation of Margin of Error!!Percent!!Population 3 years and over enrolled in school!!Kindergarten to 12th grade!!Elementary: grade 1 to grade 4"
"S1401_C02_006E","Estimate!!Percent!!Population 3 years and over enrolled in school!!Kindergarten to 12th grade!!Elementary: grade 5 to grade 8"
"S1401_C02_006EA","Annotation of Estimate!!Percent!!Population 3 years and over enrolled in school!!Kindergarten to 12th grade!!Elementary: grade 5 to grade 8"
"S1401_C02_006M","Margin of Error!!Percent!!Population 3 years and over enrolled in school!!Kindergarten to 12th grade!!Elementary: grade 5 to grade 8"
"S1401_C02_006MA","Annotation of Margin of Error!!Percent!!Population 3 years and over enrolled in school!!Kindergarten to 12th grade!!Elementary: grade 5 to grade 8"
"S1401_C02_007E","Estimate!!Percent!!Population 3 years and over enrolled in school!!Kindergarten to 12th grade!!High school: grade 9 to grade 12"
"S1401_C02_007M","Margin of Error!!Percent!!Population 3 years and over enrolled in school!!Kindergarten to 12th grade!!High school: grade 9 to grade 12"
"S1401_C02_007MA","Annotation of Margin of Error!!Percent!!Population 3 years and over enrolled in school!!Kindergarten to 12th grade!!High school: grade 9 to grade 12"
"S1401_C02_007EA","Annotation of Estimate!!Percent!!Population 3 years and over enrolled in school!!Kindergarten to 12th grade!!High school: grade 9 to grade 12"
"S1401_C02_008E","Estimate!!Percent!!Population 3 years and over enrolled in school!!College, undergraduate"
"S1401_C02_008EA","Annotation of Estimate!!Percent!!Population 3 years and over enrolled in school!!College, undergraduate"
"S1401_C02_008M","Margin of Error!!Percent!!Population 3 years and over enrolled in school!!College, undergraduate"
"S1401_C02_008MA","Annotation of Margin of Error!!Percent!!Population 3 years and over enrolled in school!!College, undergraduate"
"S1401_C02_009E","Estimate!!Percent!!Population 3 years and over enrolled in school!!Graduate, professional school"
"S1401_C02_009M","Margin of Error!!Percent!!Population 3 years and over enrolled in school!!Graduate, professional school"
"S1401_C02_009MA","Annotation of Margin of Error!!Percent!!Population 3 years and over enrolled in school!!Graduate, professional school"
"S1401_C02_009EA","Annotation of Estimate!!Percent!!Population 3 years and over enrolled in school!!Graduate, professional school"
"S1401_C02_010E","Estimate!!Percent!!Population enrolled in college or graduate school"
"S1401_C02_010M","Margin of Error!!Percent!!Population enrolled in college or graduate school"
"S1401_C02_010MA","Annotation of Margin of Error!!Percent!!Population enrolled in college or graduate school"
"S1401_C02_010EA","Annotation of Estimate!!Percent!!Population enrolled in college or graduate school"
"S1401_C02_011E","Estimate!!Percent!!Population enrolled in college or graduate school!!Males enrolled in college or graduate school"
"S1401_C02_011EA","Annotation of Estimate!!Percent!!Population enrolled in college or graduate school!!Males enrolled in college or graduate school"
"S1401_C02_011M","Margin of Error!!Percent!!Population enrolled in college or graduate school!!Males enrolled in college or graduate school"
"S1401_C02_011MA","Annotation of Margin of Error!!Percent!!Population enrolled in college or graduate school!!Males enrolled in college or graduate school"
"S1401_C02_012E","Estimate!!Percent!!Population enrolled in college or graduate school!!Females enrolled in college or graduate school"
"S1401_C02_012EA","Annotation of Estimate!!Percent!!Population enrolled in college or graduate school!!Females enrolled in college or graduate school"
"S1401_C02_012M","Margin of Error!!Percent!!Population enrolled in college or graduate school!!Females enrolled in college or graduate school"
"S1401_C02_012MA","Annotation of Margin of Error!!Percent!!Population enrolled in college or graduate school!!Females enrolled in college or graduate school"
"S1401_C02_013E","Estimate!!Percent!!Population 3 to 4 years"
"S1401_C02_013EA","Annotation of Estimate!!Percent!!Population 3 to 4 years"
"S1401_C02_013M","Margin of Error!!Percent!!Population 3 to 4 years"
"S1401_C02_013MA","Annotation of Margin of Error!!Percent!!Population 3 to 4 years"
"S1401_C02_014E","Estimate!!Percent!!Population 3 to 4 years!!3 to 4 year olds enrolled in school"
"S1401_C02_014EA","Annotation of Estimate!!Percent!!Population 3 to 4 years!!3 to 4 year olds enrolled in school"
"S1401_C02_014M","Margin of Error!!Percent!!Population 3 to 4 years!!3 to 4 year olds enrolled in school"
"S1401_C02_014MA","Annotation of Margin of Error!!Percent!!Population 3 to 4 years!!3 to 4 year olds enrolled in school"
"S1401_C02_015E","Estimate!!Percent!!Population 5 to 9 years"
"S1401_C02_015EA","Annotation of Estimate!!Percent!!Population 5 to 9 years"
"S1401_C02_015M","Margin of Error!!Percent!!Population 5 to 9 years"
"S1401_C02_015MA","Annotation of Margin of Error!!Percent!!Population 5 to 9 years"
"S1401_C02_016E","Estimate!!Percent!!Population 5 to 9 years!!5 to 9 year olds enrolled in school"
"S1401_C02_016EA","Annotation of Estimate!!Percent!!Population 5 to 9 years!!5 to 9 year olds enrolled in school"
"S1401_C02_016M","Margin of Error!!Percent!!Population 5 to 9 years!!5 to 9 year olds enrolled in school"
"S1401_C02_016MA","Annotation of Margin of Error!!Percent!!Population 5 to 9 years!!5 to 9 year olds enrolled in school"
"S1401_C02_017E","Estimate!!Percent!!Population 10 to 14 years"
"S1401_C02_017EA","Annotation of Estimate!!Percent!!Population 10 to 14 years"
"S1401_C02_017M","Margin of Error!!Percent!!Population 10 to 14 years"
"S1401_C02_017MA","Annotation of Margin of Error!!Percent!!Population 10 to 14 years"
"S1401_C02_018E","Estimate!!Percent!!Population 10 to 14 years!!10 to 14 year olds enrolled in school"
"S1401_C02_018EA","Annotation of Estimate!!Percent!!Population 10 to 14 years!!10 to 14 year olds enrolled in school"
"S1401_C02_018M","Margin of Error!!Percent!!Population 10 to 14 years!!10 to 14 year olds enrolled in school"
"S1401_C02_018MA","Annotation of Margin of Error!!Percent!!Population 10 to 14 years!!10 to 14 year olds enrolled in school"
"S1401_C02_019E","Estimate!!Percent!!Population 15 to 17"
"S1401_C02_019M","Margin of Error!!Percent!!Population 15 to 17"
"S1401_C02_019MA","Annotation of Margin of Error!!Percent!!Population 15 to 17"
"S1401_C02_019EA","Annotation of Estimate!!Percent!!Population 15 to 17"
"S1401_C02_020E","Estimate!!Percent!!Population 15 to 17!!15 to 17 year olds enrolled in school"
"S1401_C02_020EA","Annotation of Estimate!!Percent!!Population 15 to 17!!15 to 17 year olds enrolled in school"
"S1401_C02_020M","Margin of Error!!Percent!!Population 15 to 17!!15 to 17 year olds enrolled in school"
"S1401_C02_020MA","Annotation of Margin of Error!!Percent!!Population 15 to 17!!15 to 17 year olds enrolled in school"
"S1401_C02_021E","Estimate!!Percent!!Population 18 to 19 years"
"S1401_C02_021EA","Annotation of Estimate!!Percent!!Population 18 to 19 years"
"S1401_C02_021M","Margin of Error!!Percent!!Population 18 to 19 years"
"S1401_C02_021MA","Annotation of Margin of Error!!Percent!!Population 18 to 19 years"
"S1401_C02_022E","Estimate!!Percent!!Population 18 to 19 years!!18 and 19 year olds enrolled in school"
"S1401_C02_022EA","Annotation of Estimate!!Percent!!Population 18 to 19 years!!18 and 19 year olds enrolled in school"
"S1401_C02_022M","Margin of Error!!Percent!!Population 18 to 19 years!!18 and 19 year olds enrolled in school"
"S1401_C02_022MA","Annotation of Margin of Error!!Percent!!Population 18 to 19 years!!18 and 19 year olds enrolled in school"
"S1401_C02_023E","Estimate!!Percent!!Population 20 to 24 years"
"S1401_C02_023M","Margin of Error!!Percent!!Population 20 to 24 years"
"S1401_C02_023MA","Annotation of Margin of Error!!Percent!!Population 20 to 24 years"
"S1401_C02_023EA","Annotation of Estimate!!Percent!!Population 20 to 24 years"
"S1401_C02_024E","Estimate!!Percent!!Population 20 to 24 years!!20 to 24 year olds enrolled in school"
"S1401_C02_024EA","Annotation of Estimate!!Percent!!Population 20 to 24 years!!20 to 24 year olds enrolled in school"
"S1401_C02_024M","Margin of Error!!Percent!!Population 20 to 24 years!!20 to 24 year olds enrolled in school"
"S1401_C02_024MA","Annotation of Margin of Error!!Percent!!Population 20 to 24 years!!20 to 24 year olds enrolled in school"
"S1401_C02_025E","Estimate!!Percent!!Population 25 to 34 years"
"S1401_C02_025EA","Annotation of Estimate!!Percent!!Population 25 to 34 years"
"S1401_C02_025M","Margin of Error!!Percent!!Population 25 to 34 years"
"S1401_C02_025MA","Annotation of Margin of Error!!Percent!!Population 25 to 34 years"
"S1401_C02_026E","Estimate!!Percent!!Population 25 to 34 years!!25 to 34 year olds enrolled in school"
"S1401_C02_026EA","Annotation of Estimate!!Percent!!Population 25 to 34 years!!25 to 34 year olds enrolled in school"
"S1401_C02_026M","Margin of Error!!Percent!!Population 25 to 34 years!!25 to 34 year olds enrolled in school"
"S1401_C02_026MA","Annotation of Margin of Error!!Percent!!Population 25 to 34 years!!25 to 34 year olds enrolled in school"
"S1401_C02_027E","Estimate!!Percent!!Population 35 years and over"
"S1401_C02_027EA","Annotation of Estimate!!Percent!!Population 35 years and over"
"S1401_C02_027M","Margin of Error!!Percent!!Population 35 years and over"
"S1401_C02_027MA","Annotation of Margin of Error!!Percent!!Population 35 years and over"
"S1401_C02_028E","Estimate!!Percent!!Population 35 years and over!!35 years and over enrolled in school"
"S1401_C02_028EA","Annotation of Estimate!!Percent!!Population 35 years and over!!35 years and over enrolled in school"
"S1401_C02_028M","Margin of Error!!Percent!!Population 35 years and over!!35 years and over enrolled in school"
"S1401_C02_028MA","Annotation of Margin of Error!!Percent!!Population 35 years and over!!35 years and over enrolled in school"
"S1401_C02_029E","Estimate!!Percent!!Population 18 to 24 years"
"S1401_C02_029EA","Annotation of Estimate!!Percent!!Population 18 to 24 years"
"S1401_C02_029M","Margin of Error!!Percent!!Population 18 to 24 years"
"S1401_C02_029MA","Annotation of Margin of Error!!Percent!!Population 18 to 24 years"
"S1401_C02_030E","Estimate!!Percent!!Population 18 to 24 years!!Enrolled in college or graduate school"
"S1401_C02_030EA","Annotation of Estimate!!Percent!!Population 18 to 24 years!!Enrolled in college or graduate school"
"S1401_C02_030M","Margin of Error!!Percent!!Population 18 to 24 years!!Enrolled in college or graduate school"
"S1401_C02_030MA","Annotation of Margin of Error!!Percent!!Population 18 to 24 years!!Enrolled in college or graduate school"
"S1401_C02_031E","Estimate!!Percent!!Population 18 to 24 years!!Males 18 to 24 years"
"S1401_C02_031EA","Annotation of Estimate!!Percent!!Population 18 to 24 years!!Males 18 to 24 years"
"S1401_C02_031M","Margin of Error!!Percent!!Population 18 to 24 years!!Males 18 to 24 years"
"S1401_C02_031MA","Annotation of Margin of Error!!Percent!!Population 18 to 24 years!!Males 18 to 24 years"
"S1401_C02_032E","Estimate!!Percent!!Population 18 to 24 years!!Males 18 to 24 years!!Enrolled in college or graduate school"
"S1401_C02_032EA","Annotation of Estimate!!Percent!!Population 18 to 24 years!!Males 18 to 24 years!!Enrolled in college or graduate school"
"S1401_C02_032M","Margin of Error!!Percent!!Population 18 to 24 years!!Males 18 to 24 years!!Enrolled in college or graduate school"
"S1401_C02_032MA","Annotation of Margin of Error!!Percent!!Population 18 to 24 years!!Males 18 to 24 years!!Enrolled in college or graduate school"
"S1401_C02_033E","Estimate!!Percent!!Population 18 to 24 years!!Females 18 to 24 years"
"S1401_C02_033EA","Annotation of Estimate!!Percent!!Population 18 to 24 years!!Females 18 to 24 years"
"S1401_C02_033M","Margin of Error!!Percent!!Population 18 to 24 years!!Females 18 to 24 years"
"S1401_C02_033MA","Annotation of Margin of Error!!Percent!!Population 18 to 24 years!!Females 18 to 24 years"
"S1401_C02_034E","Estimate!!Percent!!Population 18 to 24 years!!Females 18 to 24 years!!Enrolled in college or graduate school"
"S1401_C02_034M","Margin of Error!!Percent!!Population 18 to 24 years!!Females 18 to 24 years!!Enrolled in college or graduate school"
"S1401_C02_034MA","Annotation of Margin of Error!!Percent!!Population 18 to 24 years!!Females 18 to 24 years!!Enrolled in college or graduate school"
"S1401_C02_034EA","Annotation of Estimate!!Percent!!Population 18 to 24 years!!Females 18 to 24 years!!Enrolled in college or graduate school"
"S1401_C03_001E","Estimate!!In public school!!Population 3 years and over enrolled in school"
"S1401_C03_001EA","Annotation of Estimate!!In public school!!Population 3 years and over enrolled in school"
"S1401_C03_001M","Margin of Error!!In public school!!Population 3 years and over enrolled in school"
"S1401_C03_001MA","Annotation of Margin of Error!!In public school!!Population 3 years and over enrolled in school"
"S1401_C03_002E","Estimate!!In public school!!Population 3 years and over enrolled in school!!Nursery school, preschool"
"S1401_C03_002EA","Annotation of Estimate!!In public school!!Population 3 years and over enrolled in school!!Nursery school, preschool"
"S1401_C03_002M","Margin of Error!!In public school!!Population 3 years and over enrolled in school!!Nursery school, preschool"
"S1401_C03_002MA","Annotation of Margin of Error!!In public school!!Population 3 years and over enrolled in school!!Nursery school, preschool"
"S1401_C03_003E","Estimate!!In public school!!Population 3 years and over enrolled in school!!Kindergarten to 12th grade"
"S1401_C03_003M","Margin of Error!!In public school!!Population 3 years and over enrolled in school!!Kindergarten to 12th grade"
"S1401_C03_003MA","Annotation of Margin of Error!!In public school!!Population 3 years and over enrolled in school!!Kindergarten to 12th grade"
"S1401_C03_003EA","Annotation of Estimate!!In public school!!Population 3 years and over enrolled in school!!Kindergarten to 12th grade"
"S1401_C03_004E","Estimate!!In public school!!Population 3 years and over enrolled in school!!Kindergarten to 12th grade!!Kindergarten"
"S1401_C03_004EA","Annotation of Estimate!!In public school!!Population 3 years and over enrolled in school!!Kindergarten to 12th grade!!Kindergarten"
"S1401_C03_004M","Margin of Error!!In public school!!Population 3 years and over enrolled in school!!Kindergarten to 12th grade!!Kindergarten"
"S1401_C03_004MA","Annotation of Margin of Error!!In public school!!Population 3 years and over enrolled in school!!Kindergarten to 12th grade!!Kindergarten"
"S1401_C03_005E","Estimate!!In public school!!Population 3 years and over enrolled in school!!Kindergarten to 12th grade!!Elementary: grade 1 to grade 4"
"S1401_C03_005M","Margin of Error!!In public school!!Population 3 years and over enrolled in school!!Kindergarten to 12th grade!!Elementary: grade 1 to grade 4"
"S1401_C03_005MA","Annotation of Margin of Error!!In public school!!Population 3 years and over enrolled in school!!Kindergarten to 12th grade!!Elementary: grade 1 to grade 4"
"S1401_C03_005EA","Annotation of Estimate!!In public school!!Population 3 years and over enrolled in school!!Kindergarten to 12th grade!!Elementary: grade 1 to grade 4"
"S1401_C03_006E","Estimate!!In public school!!Population 3 years and over enrolled in school!!Kindergarten to 12th grade!!Elementary: grade 5 to grade 8"
"S1401_C03_006EA","Annotation of Estimate!!In public school!!Population 3 years and over enrolled in school!!Kindergarten to 12th grade!!Elementary: grade 5 to grade 8"
"S1401_C03_006M","Margin of Error!!In public school!!Population 3 years and over enrolled in school!!Kindergarten to 12th grade!!Elementary: grade 5 to grade 8"
"S1401_C03_006MA","Annotation of Margin of Error!!In public school!!Population 3 years and over enrolled in school!!Kindergarten to 12th grade!!Elementary: grade 5 to grade 8"
"S1401_C03_007E","Estimate!!In public school!!Population 3 years and over enrolled in school!!Kindergarten to 12th grade!!High school: grade 9 to grade 12"
"S1401_C03_007M","Margin of Error!!In public school!!Population 3 years and over enrolled in school!!Kindergarten to 12th grade!!High school: grade 9 to grade 12"
"S1401_C03_007MA","Annotation of Margin of Error!!In public school!!Population 3 years and over enrolled in school!!Kindergarten to 12th grade!!High school: grade 9 to grade 12"
"S1401_C03_007EA","Annotation of Estimate!!In public school!!Population 3 years and over enrolled in school!!Kindergarten to 12th grade!!High school: grade 9 to grade 12"
"S1401_C03_008E","Estimate!!In public school!!Population 3 years and over enrolled in school!!College, undergraduate"
"S1401_C03_008EA","Annotation of Estimate!!In public school!!Population 3 years and over enrolled in school!!College, undergraduate"
"S1401_C03_008M","Margin of Error!!In public school!!Population 3 years and over enrolled in school!!College, undergraduate"
"S1401_C03_008MA","Annotation of Margin of Error!!In public school!!Population 3 years and over enrolled in school!!College, undergraduate"
"S1401_C03_009E","Estimate!!In public school!!Population 3 years and over enrolled in school!!Graduate, professional school"
"S1401_C03_009M","Margin of Error!!In public school!!Population 3 years and over enrolled in school!!Graduate, professional school"
"S1401_C03_009MA","Annotation of Margin of Error!!In public school!!Population 3 years and over enrolled in school!!Graduate, professional school"
"S1401_C03_009EA","Annotation of Estimate!!In public school!!Population 3 years and over enrolled in school!!Graduate, professional school"
"S1401_C03_010E","Estimate!!In public school!!Population enrolled in college or graduate school"
"S1401_C03_010EA","Annotation of Estimate!!In public school!!Population enrolled in college or graduate school"
"S1401_C03_010M","Margin of Error!!In public school!!Population enrolled in college or graduate school"
"S1401_C03_010MA","Annotation of Margin of Error!!In public school!!Population enrolled in college or graduate school"
"S1401_C03_011E","Estimate!!In public school!!Population enrolled in college or graduate school!!Males enrolled in college or graduate school"
"S1401_C03_011EA","Annotation of Estimate!!In public school!!Population enrolled in college or graduate school!!Males enrolled in college or graduate school"
"S1401_C03_011M","Margin of Error!!In public school!!Population enrolled in college or graduate school!!Males enrolled in college or graduate school"
"S1401_C03_011MA","Annotation of Margin of Error!!In public school!!Population enrolled in college or graduate school!!Males enrolled in college or graduate school"
"S1401_C03_012E","Estimate!!In public school!!Population enrolled in college or graduate school!!Females enrolled in college or graduate school"
"S1401_C03_012EA","Annotation of Estimate!!In public school!!Population enrolled in college or graduate school!!Females enrolled in college or graduate school"
"S1401_C03_012M","Margin of Error!!In public school!!Population enrolled in college or graduate school!!Females enrolled in college or graduate school"
"S1401_C03_012MA","Annotation of Margin of Error!!In public school!!Population enrolled in college or graduate school!!Females enrolled in college or graduate school"
"S1401_C03_013E","Estimate!!In public school!!Population 3 to 4 years"
"S1401_C03_013EA","Annotation of Estimate!!In public school!!Population 3 to 4 years"
"S1401_C03_013M","Margin of Error!!In public school!!Population 3 to 4 years"
"S1401_C03_013MA","Annotation of Margin of Error!!In public school!!Population 3 to 4 years"
"S1401_C03_014E","Estimate!!In public school!!Population 3 to 4 years!!3 to 4 year olds enrolled in school"
"S1401_C03_014EA","Annotation of Estimate!!In public school!!Population 3 to 4 years!!3 to 4 year olds enrolled in school"
"S1401_C03_014M","Margin of Error!!In public school!!Population 3 to 4 years!!3 to 4 year olds enrolled in school"
"S1401_C03_014MA","Annotation of Margin of Error!!In public school!!Population 3 to 4 years!!3 to 4 year olds enrolled in school"
"S1401_C03_015E","Estimate!!In public school!!Population 5 to 9 years"
"S1401_C03_015M","Margin of Error!!In public school!!Population 5 to 9 years"
"S1401_C03_015MA","Annotation of Margin of Error!!In public school!!Population 5 to 9 years"
"S1401_C03_015EA","Annotation of Estimate!!In public school!!Population 5 to 9 years"
"S1401_C03_016E","Estimate!!In public school!!Population 5 to 9 years!!5 to 9 year olds enrolled in school"
"S1401_C03_016EA","Annotation of Estimate!!In public school!!Population 5 to 9 years!!5 to 9 year olds enrolled in school"
"S1401_C03_016M","Margin of Error!!In public school!!Population 5 to 9 years!!5 to 9 year olds enrolled in school"
"S1401_C03_016MA","Annotation of Margin of Error!!In public school!!Population 5 to 9 years!!5 to 9 year olds enrolled in school"
"S1401_C03_017E","Estimate!!In public school!!Population 10 to 14 years"
"S1401_C03_017EA","Annotation of Estimate!!In public school!!Population 10 to 14 years"
"S1401_C03_017M","Margin of Error!!In public school!!Population 10 to 14 years"
"S1401_C03_017MA","Annotation of Margin of Error!!In public school!!Population 10 to 14 years"
"S1401_C03_018E","Estimate!!In public school!!Population 10 to 14 years!!10 to 14 year olds enrolled in school"
"S1401_C03_018EA","Annotation of Estimate!!In public school!!Population 10 to 14 years!!10 to 14 year olds enrolled in school"
"S1401_C03_018M","Margin of Error!!In public school!!Population 10 to 14 years!!10 to 14 year olds enrolled in school"
"S1401_C03_018MA","Annotation of Margin of Error!!In public school!!Population 10 to 14 years!!10 to 14 year olds enrolled in school"
"S1401_C03_019E","Estimate!!In public school!!Population 15 to 17"
"S1401_C03_019EA","Annotation of Estimate!!In public school!!Population 15 to 17"
"S1401_C03_019M","Margin of Error!!In public school!!Population 15 to 17"
"S1401_C03_019MA","Annotation of Margin of Error!!In public school!!Population 15 to 17"
"S1401_C03_020E","Estimate!!In public school!!Population 15 to 17!!15 to 17 year olds enrolled in school"
"S1401_C03_020EA","Annotation of Estimate!!In public school!!Population 15 to 17!!15 to 17 year olds enrolled in school"
"S1401_C03_020M","Margin of Error!!In public school!!Population 15 to 17!!15 to 17 year olds enrolled in school"
"S1401_C03_020MA","Annotation of Margin of Error!!In public school!!Population 15 to 17!!15 to 17 year olds enrolled in school"
"S1401_C03_021E","Estimate!!In public school!!Population 18 to 19 years"
"S1401_C03_021M","Margin of Error!!In public school!!Population 18 to 19 years"
"S1401_C03_021MA","Annotation of Margin of Error!!In public school!!Population 18 to 19 years"
"S1401_C03_021EA","Annotation of Estimate!!In public school!!Population 18 to 19 years"
"S1401_C03_022E","Estimate!!In public school!!Population 18 to 19 years!!18 and 19 year olds enrolled in school"
"S1401_C03_022EA","Annotation of Estimate!!In public school!!Population 18 to 19 years!!18 and 19 year olds enrolled in school"
"S1401_C03_022M","Margin of Error!!In public school!!Population 18 to 19 years!!18 and 19 year olds enrolled in school"
"S1401_C03_022MA","Annotation of Margin of Error!!In public school!!Population 18 to 19 years!!18 and 19 year olds enrolled in school"
"S1401_C03_023E","Estimate!!In public school!!Population 20 to 24 years"
"S1401_C03_023EA","Annotation of Estimate!!In public school!!Population 20 to 24 years"
"S1401_C03_023M","Margin of Error!!In public school!!Population 20 to 24 years"
"S1401_C03_023MA","Annotation of Margin of Error!!In public school!!Population 20 to 24 years"
"S1401_C03_024E","Estimate!!In public school!!Population 20 to 24 years!!20 to 24 year olds enrolled in school"
"S1401_C03_024EA","Annotation of Estimate!!In public school!!Population 20 to 24 years!!20 to 24 year olds enrolled in school"
"S1401_C03_024M","Margin of Error!!In public school!!Population 20 to 24 years!!20 to 24 year olds enrolled in school"
"S1401_C03_024MA","Annotation of Margin of Error!!In public school!!Population 20 to 24 years!!20 to 24 year olds enrolled in school"
"S1401_C03_025E","Estimate!!In public school!!Population 25 to 34 years"
"S1401_C03_025EA","Annotation of Estimate!!In public school!!Population 25 to 34 years"
"S1401_C03_025M","Margin of Error!!In public school!!Population 25 to 34 years"
"S1401_C03_025MA","Annotation of Margin of Error!!In public school!!Population 25 to 34 years"
"S1401_C03_026E","Estimate!!In public school!!Population 25 to 34 years!!25 to 34 year olds enrolled in school"
"S1401_C03_026EA","Annotation of Estimate!!In public school!!Population 25 to 34 years!!25 to 34 year olds enrolled in school"
"S1401_C03_026M","Margin of Error!!In public school!!Population 25 to 34 years!!25 to 34 year olds enrolled in school"
"S1401_C03_026MA","Annotation of Margin of Error!!In public school!!Population 25 to 34 years!!25 to 34 year olds enrolled in school"
"S1401_C03_027E","Estimate!!In public school!!Population 35 years and over"
"S1401_C03_027EA","Annotation of Estimate!!In public school!!Population 35 years and over"
"S1401_C03_027M","Margin of Error!!In public school!!Population 35 years and over"
"S1401_C03_027MA","Annotation of Margin of Error!!In public school!!Population 35 years and over"
"S1401_C03_028E","Estimate!!In public school!!Population 35 years and over!!35 years and over enrolled in school"
"S1401_C03_028M","Margin of Error!!In public school!!Population 35 years and over!!35 years and over enrolled in school"
"S1401_C03_028MA","Annotation of Margin of Error!!In public school!!Population 35 years and over!!35 years and over enrolled in school"
"S1401_C03_028EA","Annotation of Estimate!!In public school!!Population 35 years and over!!35 years and over enrolled in school"
"S1401_C03_029E","Estimate!!In public school!!Population 18 to 24 years"
"S1401_C03_029EA","Annotation of Estimate!!In public school!!Population 18 to 24 years"
"S1401_C03_029M","Margin of Error!!In public school!!Population 18 to 24 years"
"S1401_C03_029MA","Annotation of Margin of Error!!In public school!!Population 18 to 24 years"
"S1401_C03_030E","Estimate!!In public school!!Population 18 to 24 years!!Enrolled in college or graduate school"
"S1401_C03_030EA","Annotation of Estimate!!In public school!!Population 18 to 24 years!!Enrolled in college or graduate school"
"S1401_C03_030M","Margin of Error!!In public school!!Population 18 to 24 years!!Enrolled in college or graduate school"
"S1401_C03_030MA","Annotation of Margin of Error!!In public school!!Population 18 to 24 years!!Enrolled in college or graduate school"
"S1401_C03_031E","Estimate!!In public school!!Population 18 to 24 years!!Males 18 to 24 years"
"S1401_C03_031EA","Annotation of Estimate!!In public school!!Population 18 to 24 years!!Males 18 to 24 years"
"S1401_C03_031M","Margin of Error!!In public school!!Population 18 to 24 years!!Males 18 to 24 years"
"S1401_C03_031MA","Annotation of Margin of Error!!In public school!!Population 18 to 24 years!!Males 18 to 24 years"
"S1401_C03_032E","Estimate!!In public school!!Population 18 to 24 years!!Males 18 to 24 years!!Enrolled in college or graduate school"
"S1401_C03_032M","Margin of Error!!In public school!!Population 18 to 24 years!!Males 18 to 24 years!!Enrolled in college or graduate school"
"S1401_C03_032MA","Annotation of Margin of Error!!In public school!!Population 18 to 24 years!!Males 18 to 24 years!!Enrolled in college or graduate school"
"S1401_C03_032EA","Annotation of Estimate!!In public school!!Population 18 to 24 years!!Males 18 to 24 years!!Enrolled in college or graduate school"
"S1401_C03_033E","Estimate!!In public school!!Population 18 to 24 years!!Females 18 to 24 years"
"S1401_C03_033EA","Annotation of Estimate!!In public school!!Population 18 to 24 years!!Females 18 to 24 years"
"S1401_C03_033M","Margin of Error!!In public school!!Population 18 to 24 years!!Females 18 to 24 years"
"S1401_C03_033MA","Annotation of Margin of Error!!In public school!!Population 18 to 24 years!!Females 18 to 24 years"
"S1401_C03_034E","Estimate!!In public school!!Population 18 to 24 years!!Females 18 to 24 years!!Enrolled in college or graduate school"
"S1401_C03_034M","Margin of Error!!In public school!!Population 18 to 24 years!!Females 18 to 24 years!!Enrolled in college or graduate school"
"S1401_C03_034MA","Annotation of Margin of Error!!In public school!!Population 18 to 24 years!!Females 18 to 24 years!!Enrolled in college or graduate school"
"S1401_C03_034EA","Annotation of Estimate!!In public school!!Population 18 to 24 years!!Females 18 to 24 years!!Enrolled in college or graduate school"
"S1401_C04_001E","Estimate!!Percent in public school!!Population 3 years and over enrolled in school"
"S1401_C04_001EA","Annotation of Estimate!!Percent in public school!!Population 3 years and over enrolled in school"
"S1401_C04_001M","Margin of Error!!Percent in public school!!Population 3 years and over enrolled in school"
"S1401_C04_001MA","Annotation of Margin of Error!!Percent in public school!!Population 3 years and over enrolled in school"
"S1401_C04_002E","Estimate!!Percent in public school!!Population 3 years and over enrolled in school!!Nursery school, preschool"
"S1401_C04_002EA","Annotation of Estimate!!Percent in public school!!Population 3 years and over enrolled in school!!Nursery school, preschool"
"S1401_C04_002M","Margin of Error!!Percent in public school!!Population 3 years and over enrolled in school!!Nursery school, preschool"
"S1401_C04_002MA","Annotation of Margin of Error!!Percent in public school!!Population 3 years and over enrolled in school!!Nursery school, preschool"
"S1401_C04_003E","Estimate!!Percent in public school!!Population 3 years and over enrolled in school!!Kindergarten to 12th grade"
"S1401_C04_003M","Margin of Error!!Percent in public school!!Population 3 years and over enrolled in school!!Kindergarten to 12th grade"
"S1401_C04_003MA","Annotation of Margin of Error!!Percent in public school!!Population 3 years and over enrolled in school!!Kindergarten to 12th grade"
"S1401_C04_003EA","Annotation of Estimate!!Percent in public school!!Population 3 years and over enrolled in school!!Kindergarten to 12th grade"
"S1401_C04_004E","Estimate!!Percent in public school!!Population 3 years and over enrolled in school!!Kindergarten to 12th grade!!Kindergarten"
"S1401_C04_004EA","Annotation of Estimate!!Percent in public school!!Population 3 years and over enrolled in school!!Kindergarten to 12th grade!!Kindergarten"
"S1401_C04_004M","Margin of Error!!Percent in public school!!Population 3 years and over enrolled in school!!Kindergarten to 12th grade!!Kindergarten"
"S1401_C04_004MA","Annotation of Margin of Error!!Percent in public school!!Population 3 years and over enrolled in school!!Kindergarten to 12th grade!!Kindergarten"
"S1401_C04_005E","Estimate!!Percent in public school!!Population 3 years and over enrolled in school!!Kindergarten to 12th grade!!Elementary: grade 1 to grade 4"
"S1401_C04_005M","Margin of Error!!Percent in public school!!Population 3 years and over enrolled in school!!Kindergarten to 12th grade!!Elementary: grade 1 to grade 4"
"S1401_C04_005MA","Annotation of Margin of Error!!Percent in public school!!Population 3 years and over enrolled in school!!Kindergarten to 12th grade!!Elementary: grade 1 to grade 4"
"S1401_C04_005EA","Annotation of Estimate!!Percent in public school!!Population 3 years and over enrolled in school!!Kindergarten to 12th grade!!Elementary: grade 1 to grade 4"
"S1401_C04_006E","Estimate!!Percent in public school!!Population 3 years and over enrolled in school!!Kindergarten to 12th grade!!Elementary: grade 5 to grade 8"
"S1401_C04_006M","Margin of Error!!Percent in public school!!Population 3 years and over enrolled in school!!Kindergarten to 12th grade!!Elementary: grade 5 to grade 8"
"S1401_C04_006MA","Annotation of Margin of Error!!Percent in public school!!Population 3 years and over enrolled in school!!Kindergarten to 12th grade!!Elementary: grade 5 to grade 8"
"S1401_C04_006EA","Annotation of Estimate!!Percent in public school!!Population 3 years and over enrolled in school!!Kindergarten to 12th grade!!Elementary: grade 5 to grade 8"
"S1401_C04_007E","Estimate!!Percent in public school!!Population 3 years and over enrolled in school!!Kindergarten to 12th grade!!High school: grade 9 to grade 12"
"S1401_C04_007EA","Annotation of Estimate!!Percent in public school!!Population 3 years and over enrolled in school!!Kindergarten to 12th grade!!High school: grade 9 to grade 12"
"S1401_C04_007M","Margin of Error!!Percent in public school!!Population 3 years and over enrolled in school!!Kindergarten to 12th grade!!High school: grade 9 to grade 12"
"S1401_C04_007MA","Annotation of Margin of Error!!Percent in public school!!Population 3 years and over enrolled in school!!Kindergarten to 12th grade!!High school: grade 9 to grade 12"
"S1401_C04_008E","Estimate!!Percent in public school!!Population 3 years and over enrolled in school!!College, undergraduate"
"S1401_C04_008EA","Annotation of Estimate!!Percent in public school!!Population 3 years and over enrolled in school!!College, undergraduate"
"S1401_C04_008M","Margin of Error!!Percent in public school!!Population 3 years and over enrolled in school!!College, undergraduate"
"S1401_C04_008MA","Annotation of Margin of Error!!Percent in public school!!Population 3 years and over enrolled in school!!College, undergraduate"
"S1401_C04_009E","Estimate!!Percent in public school!!Population 3 years and over enrolled in school!!Graduate, professional school"
"S1401_C04_009EA","Annotation of Estimate!!Percent in public school!!Population 3 years and over enrolled in school!!Graduate, professional school"
"S1401_C04_009M","Margin of Error!!Percent in public school!!Population 3 years and over enrolled in school!!Graduate, professional school"
"S1401_C04_009MA","Annotation of Margin of Error!!Percent in public school!!Population 3 years and over enrolled in school!!Graduate, professional school"
"S1401_C04_010E","Estimate!!Percent in public school!!Population enrolled in college or graduate school"
"S1401_C04_010EA","Annotation of Estimate!!Percent in public school!!Population enrolled in college or graduate school"
"S1401_C04_010M","Margin of Error!!Percent in public school!!Population enrolled in college or graduate school"
"S1401_C04_010MA","Annotation of Margin of Error!!Percent in public school!!Population enrolled in college or graduate school"
"S1401_C04_011E","Estimate!!Percent in public school!!Population enrolled in college or graduate school!!Males enrolled in college or graduate school"
"S1401_C04_011EA","Annotation of Estimate!!Percent in public school!!Population enrolled in college or graduate school!!Males enrolled in college or graduate school"
"S1401_C04_011M","Margin of Error!!Percent in public school!!Population enrolled in college or graduate school!!Males enrolled in college or graduate school"
"S1401_C04_011MA","Annotation of Margin of Error!!Percent in public school!!Population enrolled in college or graduate school!!Males enrolled in college or graduate school"
"S1401_C04_012E","Estimate!!Percent in public school!!Population enrolled in college or graduate school!!Females enrolled in college or graduate school"
"S1401_C04_012M","Margin of Error!!Percent in public school!!Population enrolled in college or graduate school!!Females enrolled in college or graduate school"
"S1401_C04_012MA","Annotation of Margin of Error!!Percent in public school!!Population enrolled in college or graduate school!!Females enrolled in college or graduate school"
"S1401_C04_012EA","Annotation of Estimate!!Percent in public school!!Population enrolled in college or graduate school!!Females enrolled in college or graduate school"
"S1401_C04_013E","Estimate!!Percent in public school!!Population 3 to 4 years"
"S1401_C04_013EA","Annotation of Estimate!!Percent in public school!!Population 3 to 4 years"
"S1401_C04_013M","Margin of Error!!Percent in public school!!Population 3 to 4 years"
"S1401_C04_013MA","Annotation of Margin of Error!!Percent in public school!!Population 3 to 4 years"
"S1401_C04_014E","Estimate!!Percent in public school!!Population 3 to 4 years!!3 to 4 year olds enrolled in school"
"S1401_C04_014EA","Annotation of Estimate!!Percent in public school!!Population 3 to 4 years!!3 to 4 year olds enrolled in school"
"S1401_C04_014M","Margin of Error!!Percent in public school!!Population 3 to 4 years!!3 to 4 year olds enrolled in school"
"S1401_C04_014MA","Annotation of Margin of Error!!Percent in public school!!Population 3 to 4 years!!3 to 4 year olds enrolled in school"
"S1401_C04_015E","Estimate!!Percent in public school!!Population 5 to 9 years"
"S1401_C04_015M","Margin of Error!!Percent in public school!!Population 5 to 9 years"
"S1401_C04_015MA","Annotation of Margin of Error!!Percent in public school!!Population 5 to 9 years"
"S1401_C04_015EA","Annotation of Estimate!!Percent in public school!!Population 5 to 9 years"
"S1401_C04_016E","Estimate!!Percent in public school!!Population 5 to 9 years!!5 to 9 year olds enrolled in school"
"S1401_C04_016EA","Annotation of Estimate!!Percent in public school!!Population 5 to 9 years!!5 to 9 year olds enrolled in school"
"S1401_C04_016M","Margin of Error!!Percent in public school!!Population 5 to 9 years!!5 to 9 year olds enrolled in school"
"S1401_C04_016MA","Annotation of Margin of Error!!Percent in public school!!Population 5 to 9 years!!5 to 9 year olds enrolled in school"
"S1401_C04_017E","Estimate!!Percent in public school!!Population 10 to 14 years"
"S1401_C04_017EA","Annotation of Estimate!!Percent in public school!!Population 10 to 14 years"
"S1401_C04_017M","Margin of Error!!Percent in public school!!Population 10 to 14 years"
"S1401_C04_017MA","Annotation of Margin of Error!!Percent in public school!!Population 10 to 14 years"
"S1401_C04_018E","Estimate!!Percent in public school!!Population 10 to 14 years!!10 to 14 year olds enrolled in school"
"S1401_C04_018EA","Annotation of Estimate!!Percent in public school!!Population 10 to 14 years!!10 to 14 year olds enrolled in school"
"S1401_C04_018M","Margin of Error!!Percent in public school!!Population 10 to 14 years!!10 to 14 year olds enrolled in school"
"S1401_C04_018MA","Annotation of Margin of Error!!Percent in public school!!Population 10 to 14 years!!10 to 14 year olds enrolled in school"
"S1401_C04_019E","Estimate!!Percent in public school!!Population 15 to 17"
"S1401_C04_019EA","Annotation of Estimate!!Percent in public school!!Population 15 to 17"
"S1401_C04_019M","Margin of Error!!Percent in public school!!Population 15 to 17"
"S1401_C04_019MA","Annotation of Margin of Error!!Percent in public school!!Population 15 to 17"
"S1401_C04_020E","Estimate!!Percent in public school!!Population 15 to 17!!15 to 17 year olds enrolled in school"
"S1401_C04_020EA","Annotation of Estimate!!Percent in public school!!Population 15 to 17!!15 to 17 year olds enrolled in school"
"S1401_C04_020M","Margin of Error!!Percent in public school!!Population 15 to 17!!15 to 17 year olds enrolled in school"
"S1401_C04_020MA","Annotation of Margin of Error!!Percent in public school!!Population 15 to 17!!15 to 17 year olds enrolled in school"
"S1401_C04_021E","Estimate!!Percent in public school!!Population 18 to 19 years"
"S1401_C04_021M","Margin of Error!!Percent in public school!!Population 18 to 19 years"
"S1401_C04_021MA","Annotation of Margin of Error!!Percent in public school!!Population 18 to 19 years"
"S1401_C04_021EA","Annotation of Estimate!!Percent in public school!!Population 18 to 19 years"
"S1401_C04_022E","Estimate!!Percent in public school!!Population 18 to 19 years!!18 and 19 year olds enrolled in school"
"S1401_C04_022EA","Annotation of Estimate!!Percent in public school!!Population 18 to 19 years!!18 and 19 year olds enrolled in school"
"S1401_C04_022M","Margin of Error!!Percent in public school!!Population 18 to 19 years!!18 and 19 year olds enrolled in school"
"S1401_C04_022MA","Annotation of Margin of Error!!Percent in public school!!Population 18 to 19 years!!18 and 19 year olds enrolled in school"
"S1401_C04_023E","Estimate!!Percent in public school!!Population 20 to 24 years"
"S1401_C04_023EA","Annotation of Estimate!!Percent in public school!!Population 20 to 24 years"
"S1401_C04_023M","Margin of Error!!Percent in public school!!Population 20 to 24 years"
"S1401_C04_023MA","Annotation of Margin of Error!!Percent in public school!!Population 20 to 24 years"
"S1401_C04_024E","Estimate!!Percent in public school!!Population 20 to 24 years!!20 to 24 year olds enrolled in school"
"S1401_C04_024M","Margin of Error!!Percent in public school!!Population 20 to 24 years!!20 to 24 year olds enrolled in school"
"S1401_C04_024MA","Annotation of Margin of Error!!Percent in public school!!Population 20 to 24 years!!20 to 24 year olds enrolled in school"
"S1401_C04_024EA","Annotation of Estimate!!Percent in public school!!Population 20 to 24 years!!20 to 24 year olds enrolled in school"
"S1401_C04_025E","Estimate!!Percent in public school!!Population 25 to 34 years"
"S1401_C04_025EA","Annotation of Estimate!!Percent in public school!!Population 25 to 34 years"
"S1401_C04_025M","Margin of Error!!Percent in public school!!Population 25 to 34 years"
"S1401_C04_025MA","Annotation of Margin of Error!!Percent in public school!!Population 25 to 34 years"
"S1401_C04_026E","Estimate!!Percent in public school!!Population 25 to 34 years!!25 to 34 year olds enrolled in school"
"S1401_C04_026EA","Annotation of Estimate!!Percent in public school!!Population 25 to 34 years!!25 to 34 year olds enrolled in school"
"S1401_C04_026M","Margin of Error!!Percent in public school!!Population 25 to 34 years!!25 to 34 year olds enrolled in school"
"S1401_C04_026MA","Annotation of Margin of Error!!Percent in public school!!Population 25 to 34 years!!25 to 34 year olds enrolled in school"
"S1401_C04_027E","Estimate!!Percent in public school!!Population 35 years and over"
"S1401_C04_027EA","Annotation of Estimate!!Percent in public school!!Population 35 years and over"
"S1401_C04_027M","Margin of Error!!Percent in public school!!Population 35 years and over"
"S1401_C04_027MA","Annotation of Margin of Error!!Percent in public school!!Population 35 years and over"
"S1401_C04_028E","Estimate!!Percent in public school!!Population 35 years and over!!35 years and over enrolled in school"
"S1401_C04_028EA","Annotation of Estimate!!Percent in public school!!Population 35 years and over!!35 years and over enrolled in school"
"S1401_C04_028M","Margin of Error!!Percent in public school!!Population 35 years and over!!35 years and over enrolled in school"
"S1401_C04_028MA","Annotation of Margin of Error!!Percent in public school!!Population 35 years and over!!35 years and over enrolled in school"
"S1401_C04_029E","Estimate!!Percent in public school!!Population 18 to 24 years"
"S1401_C04_029EA","Annotation of Estimate!!Percent in public school!!Population 18 to 24 years"
"S1401_C04_029M","Margin of Error!!Percent in public school!!Population 18 to 24 years"
"S1401_C04_029MA","Annotation of Margin of Error!!Percent in public school!!Population 18 to 24 years"
"S1401_C04_030E","Estimate!!Percent in public school!!Population 18 to 24 years!!Enrolled in college or graduate school"
"S1401_C04_030M","Margin of Error!!Percent in public school!!Population 18 to 24 years!!Enrolled in college or graduate school"
"S1401_C04_030MA","Annotation of Margin of Error!!Percent in public school!!Population 18 to 24 years!!Enrolled in college or graduate school"
"S1401_C04_030EA","Annotation of Estimate!!Percent in public school!!Population 18 to 24 years!!Enrolled in college or graduate school"
"S1401_C04_031E","Estimate!!Percent in public school!!Population 18 to 24 years!!Males 18 to 24 years"
"S1401_C04_031EA","Annotation of Estimate!!Percent in public school!!Population 18 to 24 years!!Males 18 to 24 years"
"S1401_C04_031M","Margin of Error!!Percent in public school!!Population 18 to 24 years!!Males 18 to 24 years"
"S1401_C04_031MA","Annotation of Margin of Error!!Percent in public school!!Population 18 to 24 years!!Males 18 to 24 years"
"S1401_C04_032E","Estimate!!Percent in public school!!Population 18 to 24 years!!Males 18 to 24 years!!Enrolled in college or graduate school"
"S1401_C04_032EA","Annotation of Estimate!!Percent in public school!!Population 18 to 24 years!!Males 18 to 24 years!!Enrolled in college or graduate school"
"S1401_C04_032M","Margin of Error!!Percent in public school!!Population 18 to 24 years!!Males 18 to 24 years!!Enrolled in college or graduate school"
"S1401_C04_032MA","Annotation of Margin of Error!!Percent in public school!!Population 18 to 24 years!!Males 18 to 24 years!!Enrolled in college or graduate school"
"S1401_C04_033E","Estimate!!Percent in public school!!Population 18 to 24 years!!Females 18 to 24 years"
"S1401_C04_033EA","Annotation of Estimate!!Percent in public school!!Population 18 to 24 years!!Females 18 to 24 years"
"S1401_C04_033M","Margin of Error!!Percent in public school!!Population 18 to 24 years!!Females 18 to 24 years"
"S1401_C04_033MA","Annotation of Margin of Error!!Percent in public school!!Population 18 to 24 years!!Females 18 to 24 years"
"S1401_C04_034E","Estimate!!Percent in public school!!Population 18 to 24 years!!Females 18 to 24 years!!Enrolled in college or graduate school"
"S1401_C04_034EA","Annotation of Estimate!!Percent in public school!!Population 18 to 24 years!!Females 18 to 24 years!!Enrolled in college or graduate school"
"S1401_C04_034M","Margin of Error!!Percent in public school!!Population 18 to 24 years!!Females 18 to 24 years!!Enrolled in college or graduate school"
"S1401_C04_034MA","Annotation of Margin of Error!!Percent in public school!!Population 18 to 24 years!!Females 18 to 24 years!!Enrolled in college or graduate school"
"S1401_C05_001E","Estimate!!In private school!!Population 3 years and over enrolled in school"
"S1401_C05_001M","Margin of Error!!In private school!!Population 3 years and over enrolled in school"
"S1401_C05_001MA","Annotation of Margin of Error!!In private school!!Population 3 years and over enrolled in school"
"S1401_C05_001EA","Annotation of Estimate!!In private school!!Population 3 years and over enrolled in school"
"S1401_C05_002E","Estimate!!In private school!!Population 3 years and over enrolled in school!!Nursery school, preschool"
"S1401_C05_002EA","Annotation of Estimate!!In private school!!Population 3 years and over enrolled in school!!Nursery school, preschool"
"S1401_C05_002M","Margin of Error!!In private school!!Population 3 years and over enrolled in school!!Nursery school, preschool"
"S1401_C05_002MA","Annotation of Margin of Error!!In private school!!Population 3 years and over enrolled in school!!Nursery school, preschool"
"S1401_C05_003E","Estimate!!In private school!!Population 3 years and over enrolled in school!!Kindergarten to 12th grade"
"S1401_C05_003EA","Annotation of Estimate!!In private school!!Population 3 years and over enrolled in school!!Kindergarten to 12th grade"
"S1401_C05_003M","Margin of Error!!In private school!!Population 3 years and over enrolled in school!!Kindergarten to 12th grade"
"S1401_C05_003MA","Annotation of Margin of Error!!In private school!!Population 3 years and over enrolled in school!!Kindergarten to 12th grade"
"S1401_C05_004E","Estimate!!In private school!!Population 3 years and over enrolled in school!!Kindergarten to 12th grade!!Kindergarten"
"S1401_C05_004M","Margin of Error!!In private school!!Population 3 years and over enrolled in school!!Kindergarten to 12th grade!!Kindergarten"
"S1401_C05_004MA","Annotation of Margin of Error!!In private school!!Population 3 years and over enrolled in school!!Kindergarten to 12th grade!!Kindergarten"
"S1401_C05_004EA","Annotation of Estimate!!In private school!!Population 3 years and over enrolled in school!!Kindergarten to 12th grade!!Kindergarten"
"S1401_C05_005E","Estimate!!In private school!!Population 3 years and over enrolled in school!!Kindergarten to 12th grade!!Elementary: grade 1 to grade 4"
"S1401_C05_005M","Margin of Error!!In private school!!Population 3 years and over enrolled in school!!Kindergarten to 12th grade!!Elementary: grade 1 to grade 4"
"S1401_C05_005MA","Annotation of Margin of Error!!In private school!!Population 3 years and over enrolled in school!!Kindergarten to 12th grade!!Elementary: grade 1 to grade 4"
"S1401_C05_005EA","Annotation of Estimate!!In private school!!Population 3 years and over enrolled in school!!Kindergarten to 12th grade!!Elementary: grade 1 to grade 4"
"S1401_C05_006E","Estimate!!In private school!!Population 3 years and over enrolled in school!!Kindergarten to 12th grade!!Elementary: grade 5 to grade 8"
"S1401_C05_006EA","Annotation of Estimate!!In private school!!Population 3 years and over enrolled in school!!Kindergarten to 12th grade!!Elementary: grade 5 to grade 8"
"S1401_C05_006M","Margin of Error!!In private school!!Population 3 years and over enrolled in school!!Kindergarten to 12th grade!!Elementary: grade 5 to grade 8"
"S1401_C05_006MA","Annotation of Margin of Error!!In private school!!Population 3 years and over enrolled in school!!Kindergarten to 12th grade!!Elementary: grade 5 to grade 8"
"S1401_C05_007E","Estimate!!In private school!!Population 3 years and over enrolled in school!!Kindergarten to 12th grade!!High school: grade 9 to grade 12"
"S1401_C05_007EA","Annotation of Estimate!!In private school!!Population 3 years and over enrolled in school!!Kindergarten to 12th grade!!High school: grade 9 to grade 12"
"S1401_C05_007M","Margin of Error!!In private school!!Population 3 years and over enrolled in school!!Kindergarten to 12th grade!!High school: grade 9 to grade 12"
"S1401_C05_007MA","Annotation of Margin of Error!!In private school!!Population 3 years and over enrolled in school!!Kindergarten to 12th grade!!High school: grade 9 to grade 12"
"S1401_C05_008E","Estimate!!In private school!!Population 3 years and over enrolled in school!!College, undergraduate"
"S1401_C05_008EA","Annotation of Estimate!!In private school!!Population 3 years and over enrolled in school!!College, undergraduate"
"S1401_C05_008M","Margin of Error!!In private school!!Population 3 years and over enrolled in school!!College, undergraduate"
"S1401_C05_008MA","Annotation of Margin of Error!!In private school!!Population 3 years and over enrolled in school!!College, undergraduate"
"S1401_C05_009E","Estimate!!In private school!!Population 3 years and over enrolled in school!!Graduate, professional school"
"S1401_C05_009EA","Annotation of Estimate!!In private school!!Population 3 years and over enrolled in school!!Graduate, professional school"
"S1401_C05_009M","Margin of Error!!In private school!!Population 3 years and over enrolled in school!!Graduate, professional school"
"S1401_C05_009MA","Annotation of Margin of Error!!In private school!!Population 3 years and over enrolled in school!!Graduate, professional school"
"S1401_C05_010E","Estimate!!In private school!!Population enrolled in college or graduate school"
"S1401_C05_010EA","Annotation of Estimate!!In private school!!Population enrolled in college or graduate school"
"S1401_C05_010M","Margin of Error!!In private school!!Population enrolled in college or graduate school"
"S1401_C05_010MA","Annotation of Margin of Error!!In private school!!Population enrolled in college or graduate school"
"S1401_C05_011E","Estimate!!In private school!!Population enrolled in college or graduate school!!Males enrolled in college or graduate school"
"S1401_C05_011EA","Annotation of Estimate!!In private school!!Population enrolled in college or graduate school!!Males enrolled in college or graduate school"
"S1401_C05_011M","Margin of Error!!In private school!!Population enrolled in college or graduate school!!Males enrolled in college or graduate school"
"S1401_C05_011MA","Annotation of Margin of Error!!In private school!!Population enrolled in college or graduate school!!Males enrolled in college or graduate school"
"S1401_C05_012E","Estimate!!In private school!!Population enrolled in college or graduate school!!Females enrolled in college or graduate school"
"S1401_C05_012M","Margin of Error!!In private school!!Population enrolled in college or graduate school!!Females enrolled in college or graduate school"
"S1401_C05_012MA","Annotation of Margin of Error!!In private school!!Population enrolled in college or graduate school!!Females enrolled in college or graduate school"
"S1401_C05_012EA","Annotation of Estimate!!In private school!!Population enrolled in college or graduate school!!Females enrolled in college or graduate school"
"S1401_C05_013E","Estimate!!In private school!!Population 3 to 4 years"
"S1401_C05_013M","Margin of Error!!In private school!!Population 3 to 4 years"
"S1401_C05_013MA","Annotation of Margin of Error!!In private school!!Population 3 to 4 years"
"S1401_C05_013EA","Annotation of Estimate!!In private school!!Population 3 to 4 years"
"S1401_C05_014E","Estimate!!In private school!!Population 3 to 4 years!!3 to 4 year olds enrolled in school"
"S1401_C05_014EA","Annotation of Estimate!!In private school!!Population 3 to 4 years!!3 to 4 year olds enrolled in school"
"S1401_C05_014M","Margin of Error!!In private school!!Population 3 to 4 years!!3 to 4 year olds enrolled in school"
"S1401_C05_014MA","Annotation of Margin of Error!!In private school!!Population 3 to 4 years!!3 to 4 year olds enrolled in school"
"S1401_C05_015E","Estimate!!In private school!!Population 5 to 9 years"
"S1401_C05_015EA","Annotation of Estimate!!In private school!!Population 5 to 9 years"
"S1401_C05_015M","Margin of Error!!In private school!!Population 5 to 9 years"
"S1401_C05_015MA","Annotation of Margin of Error!!In private school!!Population 5 to 9 years"
"S1401_C05_016E","Estimate!!In private school!!Population 5 to 9 years!!5 to 9 year olds enrolled in school"
"S1401_C05_016EA","Annotation of Estimate!!In private school!!Population 5 to 9 years!!5 to 9 year olds enrolled in school"
"S1401_C05_016M","Margin of Error!!In private school!!Population 5 to 9 years!!5 to 9 year olds enrolled in school"
"S1401_C05_016MA","Annotation of Margin of Error!!In private school!!Population 5 to 9 years!!5 to 9 year olds enrolled in school"
"S1401_C05_017E","Estimate!!In private school!!Population 10 to 14 years"
"S1401_C05_017M","Margin of Error!!In private school!!Population 10 to 14 years"
"S1401_C05_017MA","Annotation of Margin of Error!!In private school!!Population 10 to 14 years"
"S1401_C05_017EA","Annotation of Estimate!!In private school!!Population 10 to 14 years"
"S1401_C05_018E","Estimate!!In private school!!Population 10 to 14 years!!10 to 14 year olds enrolled in school"
"S1401_C05_018EA","Annotation of Estimate!!In private school!!Population 10 to 14 years!!10 to 14 year olds enrolled in school"
"S1401_C05_018M","Margin of Error!!In private school!!Population 10 to 14 years!!10 to 14 year olds enrolled in school"
"S1401_C05_018MA","Annotation of Margin of Error!!In private school!!Population 10 to 14 years!!10 to 14 year olds enrolled in school"
"S1401_C05_019E","Estimate!!In private school!!Population 15 to 17"
"S1401_C05_019EA","Annotation of Estimate!!In private school!!Population 15 to 17"
"S1401_C05_019M","Margin of Error!!In private school!!Population 15 to 17"
"S1401_C05_019MA","Annotation of Margin of Error!!In private school!!Population 15 to 17"
"S1401_C05_020E","Estimate!!In private school!!Population 15 to 17!!15 to 17 year olds enrolled in school"
"S1401_C05_020EA","Annotation of Estimate!!In private school!!Population 15 to 17!!15 to 17 year olds enrolled in school"
"S1401_C05_020M","Margin of Error!!In private school!!Population 15 to 17!!15 to 17 year olds enrolled in school"
"S1401_C05_020MA","Annotation of Margin of Error!!In private school!!Population 15 to 17!!15 to 17 year olds enrolled in school"
"S1401_C05_021E","Estimate!!In private school!!Population 18 to 19 years"
"S1401_C05_021EA","Annotation of Estimate!!In private school!!Population 18 to 19 years"
"S1401_C05_021M","Margin of Error!!In private school!!Population 18 to 19 years"
"S1401_C05_021MA","Annotation of Margin of Error!!In private school!!Population 18 to 19 years"
"S1401_C05_022E","Estimate!!In private school!!Population 18 to 19 years!!18 and 19 year olds enrolled in school"
"S1401_C05_022EA","Annotation of Estimate!!In private school!!Population 18 to 19 years!!18 and 19 year olds enrolled in school"
"S1401_C05_022M","Margin of Error!!In private school!!Population 18 to 19 years!!18 and 19 year olds enrolled in school"
"S1401_C05_022MA","Annotation of Margin of Error!!In private school!!Population 18 to 19 years!!18 and 19 year olds enrolled in school"
"S1401_C05_023E","Estimate!!In private school!!Population 20 to 24 years"
"S1401_C05_023EA","Annotation of Estimate!!In private school!!Population 20 to 24 years"
"S1401_C05_023M","Margin of Error!!In private school!!Population 20 to 24 years"
"S1401_C05_023MA","Annotation of Margin of Error!!In private school!!Population 20 to 24 years"
"S1401_C05_024E","Estimate!!In private school!!Population 20 to 24 years!!20 to 24 year olds enrolled in school"
"S1401_C05_024M","Margin of Error!!In private school!!Population 20 to 24 years!!20 to 24 year olds enrolled in school"
"S1401_C05_024MA","Annotation of Margin of Error!!In private school!!Population 20 to 24 years!!20 to 24 year olds enrolled in school"
"S1401_C05_024EA","Annotation of Estimate!!In private school!!Population 20 to 24 years!!20 to 24 year olds enrolled in school"
"S1401_C05_025E","Estimate!!In private school!!Population 25 to 34 years"
"S1401_C05_025EA","Annotation of Estimate!!In private school!!Population 25 to 34 years"
"S1401_C05_025M","Margin of Error!!In private school!!Population 25 to 34 years"
"S1401_C05_025MA","Annotation of Margin of Error!!In private school!!Population 25 to 34 years"
"S1401_C05_026E","Estimate!!In private school!!Population 25 to 34 years!!25 to 34 year olds enrolled in school"
"S1401_C05_026EA","Annotation of Estimate!!In private school!!Population 25 to 34 years!!25 to 34 year olds enrolled in school"
"S1401_C05_026M","Margin of Error!!In private school!!Population 25 to 34 years!!25 to 34 year olds enrolled in school"
"S1401_C05_026MA","Annotation of Margin of Error!!In private school!!Population 25 to 34 years!!25 to 34 year olds enrolled in school"
"S1401_C05_027E","Estimate!!In private school!!Population 35 years and over"
"S1401_C05_027EA","Annotation of Estimate!!In private school!!Population 35 years and over"
"S1401_C05_027M","Margin of Error!!In private school!!Population 35 years and over"
"S1401_C05_027MA","Annotation of Margin of Error!!In private school!!Population 35 years and over"
"S1401_C05_028E","Estimate!!In private school!!Population 35 years and over!!35 years and over enrolled in school"
"S1401_C05_028EA","Annotation of Estimate!!In private school!!Population 35 years and over!!35 years and over enrolled in school"
"S1401_C05_028M","Margin of Error!!In private school!!Population 35 years and over!!35 years and over enrolled in school"
"S1401_C05_028MA","Annotation of Margin of Error!!In private school!!Population 35 years and over!!35 years and over enrolled in school"
"S1401_C05_029E","Estimate!!In private school!!Population 18 to 24 years"
"S1401_C05_029EA","Annotation of Estimate!!In private school!!Population 18 to 24 years"
"S1401_C05_029M","Margin of Error!!In private school!!Population 18 to 24 years"
"S1401_C05_029MA","Annotation of Margin of Error!!In private school!!Population 18 to 24 years"
"S1401_C05_030E","Estimate!!In private school!!Population 18 to 24 years!!Enrolled in college or graduate school"
"S1401_C05_030M","Margin of Error!!In private school!!Population 18 to 24 years!!Enrolled in college or graduate school"
"S1401_C05_030MA","Annotation of Margin of Error!!In private school!!Population 18 to 24 years!!Enrolled in college or graduate school"
"S1401_C05_030EA","Annotation of Estimate!!In private school!!Population 18 to 24 years!!Enrolled in college or graduate school"
"S1401_C05_031E","Estimate!!In private school!!Population 18 to 24 years!!Males 18 to 24 years"
"S1401_C05_031EA","Annotation of Estimate!!In private school!!Population 18 to 24 years!!Males 18 to 24 years"
"S1401_C05_031M","Margin of Error!!In private school!!Population 18 to 24 years!!Males 18 to 24 years"
"S1401_C05_031MA","Annotation of Margin of Error!!In private school!!Population 18 to 24 years!!Males 18 to 24 years"
"S1401_C05_032E","Estimate!!In private school!!Population 18 to 24 years!!Males 18 to 24 years!!Enrolled in college or graduate school"
"S1401_C05_032EA","Annotation of Estimate!!In private school!!Population 18 to 24 years!!Males 18 to 24 years!!Enrolled in college or graduate school"
"S1401_C05_032M","Margin of Error!!In private school!!Population 18 to 24 years!!Males 18 to 24 years!!Enrolled in college or graduate school"
"S1401_C05_032MA","Annotation of Margin of Error!!In private school!!Population 18 to 24 years!!Males 18 to 24 years!!Enrolled in college or graduate school"
"S1401_C05_033E","Estimate!!In private school!!Population 18 to 24 years!!Females 18 to 24 years"
"S1401_C05_033EA","Annotation of Estimate!!In private school!!Population 18 to 24 years!!Females 18 to 24 years"
"S1401_C05_033M","Margin of Error!!In private school!!Population 18 to 24 years!!Females 18 to 24 years"
"S1401_C05_033MA","Annotation of Margin of Error!!In private school!!Population 18 to 24 years!!Females 18 to 24 years"
"S1401_C05_034E","Estimate!!In private school!!Population 18 to 24 years!!Females 18 to 24 years!!Enrolled in college or graduate school"
"S1401_C05_034EA","Annotation of Estimate!!In private school!!Population 18 to 24 years!!Females 18 to 24 years!!Enrolled in college or graduate school"
"S1401_C05_034M","Margin of Error!!In private school!!Population 18 to 24 years!!Females 18 to 24 years!!Enrolled in college or graduate school"
"S1401_C05_034MA","Annotation of Margin of Error!!In private school!!Population 18 to 24 years!!Females 18 to 24 years!!Enrolled in college or graduate school"
"S1401_C06_001E","Estimate!!Percent in private school!!Population 3 years and over enrolled in school"
"S1401_C06_001M","Margin of Error!!Percent in private school!!Population 3 years and over enrolled in school"
"S1401_C06_001MA","Annotation of Margin of Error!!Percent in private school!!Population 3 years and over enrolled in school"
"S1401_C06_001EA","Annotation of Estimate!!Percent in private school!!Population 3 years and over enrolled in school"
"S1401_C06_002E","Estimate!!Percent in private school!!Population 3 years and over enrolled in school!!Nursery school, preschool"
"S1401_C06_002EA","Annotation of Estimate!!Percent in private school!!Population 3 years and over enrolled in school!!Nursery school, preschool"
"S1401_C06_002M","Margin of Error!!Percent in private school!!Population 3 years and over enrolled in school!!Nursery school, preschool"
"S1401_C06_002MA","Annotation of Margin of Error!!Percent in private school!!Population 3 years and over enrolled in school!!Nursery school, preschool"
"S1401_C06_003E","Estimate!!Percent in private school!!Population 3 years and over enrolled in school!!Kindergarten to 12th grade"
"S1401_C06_003EA","Annotation of Estimate!!Percent in private school!!Population 3 years and over enrolled in school!!Kindergarten to 12th grade"
"S1401_C06_003M","Margin of Error!!Percent in private school!!Population 3 years and over enrolled in school!!Kindergarten to 12th grade"
"S1401_C06_003MA","Annotation of Margin of Error!!Percent in private school!!Population 3 years and over enrolled in school!!Kindergarten to 12th grade"
"S1401_C06_004E","Estimate!!Percent in private school!!Population 3 years and over enrolled in school!!Kindergarten to 12th grade!!Kindergarten"
"S1401_C06_004EA","Annotation of Estimate!!Percent in private school!!Population 3 years and over enrolled in school!!Kindergarten to 12th grade!!Kindergarten"
"S1401_C06_004M","Margin of Error!!Percent in private school!!Population 3 years and over enrolled in school!!Kindergarten to 12th grade!!Kindergarten"
"S1401_C06_004MA","Annotation of Margin of Error!!Percent in private school!!Population 3 years and over enrolled in school!!Kindergarten to 12th grade!!Kindergarten"
"S1401_C06_005E","Estimate!!Percent in private school!!Population 3 years and over enrolled in school!!Kindergarten to 12th grade!!Elementary: grade 1 to grade 4"
"S1401_C06_005EA","Annotation of Estimate!!Percent in private school!!Population 3 years and over enrolled in school!!Kindergarten to 12th grade!!Elementary: grade 1 to grade 4"
"S1401_C06_005M","Margin of Error!!Percent in private school!!Population 3 years and over enrolled in school!!Kindergarten to 12th grade!!Elementary: grade 1 to grade 4"
"S1401_C06_005MA","Annotation of Margin of Error!!Percent in private school!!Population 3 years and over enrolled in school!!Kindergarten to 12th grade!!Elementary: grade 1 to grade 4"
"S1401_C06_006E","Estimate!!Percent in private school!!Population 3 years and over enrolled in school!!Kindergarten to 12th grade!!Elementary: grade 5 to grade 8"
"S1401_C06_006EA","Annotation of Estimate!!Percent in private school!!Population 3 years and over enrolled in school!!Kindergarten to 12th grade!!Elementary: grade 5 to grade 8"
"S1401_C06_006M","Margin of Error!!Percent in private school!!Population 3 years and over enrolled in school!!Kindergarten to 12th grade!!Elementary: grade 5 to grade 8"
"S1401_C06_006MA","Annotation of Margin of Error!!Percent in private school!!Population 3 years and over enrolled in school!!Kindergarten to 12th grade!!Elementary: grade 5 to grade 8"
"S1401_C06_007E","Estimate!!Percent in private school!!Population 3 years and over enrolled in school!!Kindergarten to 12th grade!!High school: grade 9 to grade 12"
"S1401_C06_007EA","Annotation of Estimate!!Percent in private school!!Population 3 years and over enrolled in school!!Kindergarten to 12th grade!!High school: grade 9 to grade 12"
"S1401_C06_007M","Margin of Error!!Percent in private school!!Population 3 years and over enrolled in school!!Kindergarten to 12th grade!!High school: grade 9 to grade 12"
"S1401_C06_007MA","Annotation of Margin of Error!!Percent in private school!!Population 3 years and over enrolled in school!!Kindergarten to 12th grade!!High school: grade 9 to grade 12"
"S1401_C06_008E","Estimate!!Percent in private school!!Population 3 years and over enrolled in school!!College, undergraduate"
"S1401_C06_008EA","Annotation of Estimate!!Percent in private school!!Population 3 years and over enrolled in school!!College, undergraduate"
"S1401_C06_008M","Margin of Error!!Percent in private school!!Population 3 years and over enrolled in school!!College, undergraduate"
"S1401_C06_008MA","Annotation of Margin of Error!!Percent in private school!!Population 3 years and over enrolled in school!!College, undergraduate"
"S1401_C06_009E","Estimate!!Percent in private school!!Population 3 years and over enrolled in school!!Graduate, professional school"
"S1401_C06_009EA","Annotation of Estimate!!Percent in private school!!Population 3 years and over enrolled in school!!Graduate, professional school"
"S1401_C06_009M","Margin of Error!!Percent in private school!!Population 3 years and over enrolled in school!!Graduate, professional school"
"S1401_C06_009MA","Annotation of Margin of Error!!Percent in private school!!Population 3 years and over enrolled in school!!Graduate, professional school"
"S1401_C06_010E","Estimate!!Percent in private school!!Population enrolled in college or graduate school"
"S1401_C06_010M","Margin of Error!!Percent in private school!!Population enrolled in college or graduate school"
"S1401_C06_010MA","Annotation of Margin of Error!!Percent in private school!!Population enrolled in college or graduate school"
"S1401_C06_010EA","Annotation of Estimate!!Percent in private school!!Population enrolled in college or graduate school"
"S1401_C06_011E","Estimate!!Percent in private school!!Population enrolled in college or graduate school!!Males enrolled in college or graduate school"
"S1401_C06_011EA","Annotation of Estimate!!Percent in private school!!Population enrolled in college or graduate school!!Males enrolled in college or graduate school"
"S1401_C06_011M","Margin of Error!!Percent in private school!!Population enrolled in college or graduate school!!Males enrolled in college or graduate school"
"S1401_C06_011MA","Annotation of Margin of Error!!Percent in private school!!Population enrolled in college or graduate school!!Males enrolled in college or graduate school"
"S1401_C06_012E","Estimate!!Percent in private school!!Population enrolled in college or graduate school!!Females enrolled in college or graduate school"
"S1401_C06_012EA","Annotation of Estimate!!Percent in private school!!Population enrolled in college or graduate school!!Females enrolled in college or graduate school"
"S1401_C06_012M","Margin of Error!!Percent in private school!!Population enrolled in college or graduate school!!Females enrolled in college or graduate school"
"S1401_C06_012MA","Annotation of Margin of Error!!Percent in private school!!Population enrolled in college or graduate school!!Females enrolled in college or graduate school"
"S1401_C06_013E","Estimate!!Percent in private school!!Population 3 to 4 years"
"S1401_C06_013EA","Annotation of Estimate!!Percent in private school!!Population 3 to 4 years"
"S1401_C06_013M","Margin of Error!!Percent in private school!!Population 3 to 4 years"
"S1401_C06_013MA","Annotation of Margin of Error!!Percent in private school!!Population 3 to 4 years"
"S1401_C06_014E","Estimate!!Percent in private school!!Population 3 to 4 years!!3 to 4 year olds enrolled in school"
"S1401_C06_014EA","Annotation of Estimate!!Percent in private school!!Population 3 to 4 years!!3 to 4 year olds enrolled in school"
"S1401_C06_014M","Margin of Error!!Percent in private school!!Population 3 to 4 years!!3 to 4 year olds enrolled in school"
"S1401_C06_014MA","Annotation of Margin of Error!!Percent in private school!!Population 3 to 4 years!!3 to 4 year olds enrolled in school"
"S1401_C06_015E","Estimate!!Percent in private school!!Population 5 to 9 years"
"S1401_C06_015EA","Annotation of Estimate!!Percent in private school!!Population 5 to 9 years"
"S1401_C06_015M","Margin of Error!!Percent in private school!!Population 5 to 9 years"
"S1401_C06_015MA","Annotation of Margin of Error!!Percent in private school!!Population 5 to 9 years"
"S1401_C06_016E","Estimate!!Percent in private school!!Population 5 to 9 years!!5 to 9 year olds enrolled in school"
"S1401_C06_016EA","Annotation of Estimate!!Percent in private school!!Population 5 to 9 years!!5 to 9 year olds enrolled in school"
"S1401_C06_016M","Margin of Error!!Percent in private school!!Population 5 to 9 years!!5 to 9 year olds enrolled in school"
"S1401_C06_016MA","Annotation of Margin of Error!!Percent in private school!!Population 5 to 9 years!!5 to 9 year olds enrolled in school"
"S1401_C06_017E","Estimate!!Percent in private school!!Population 10 to 14 years"
"S1401_C06_017EA","Annotation of Estimate!!Percent in private school!!Population 10 to 14 years"
"S1401_C06_017M","Margin of Error!!Percent in private school!!Population 10 to 14 years"
"S1401_C06_017MA","Annotation of Margin of Error!!Percent in private school!!Population 10 to 14 years"
"S1401_C06_018E","Estimate!!Percent in private school!!Population 10 to 14 years!!10 to 14 year olds enrolled in school"
"S1401_C06_018EA","Annotation of Estimate!!Percent in private school!!Population 10 to 14 years!!10 to 14 year olds enrolled in school"
"S1401_C06_018M","Margin of Error!!Percent in private school!!Population 10 to 14 years!!10 to 14 year olds enrolled in school"
"S1401_C06_018MA","Annotation of Margin of Error!!Percent in private school!!Population 10 to 14 years!!10 to 14 year olds enrolled in school"
"S1401_C06_019E","Estimate!!Percent in private school!!Population 15 to 17"
"S1401_C06_019EA","Annotation of Estimate!!Percent in private school!!Population 15 to 17"
"S1401_C06_019M","Margin of Error!!Percent in private school!!Population 15 to 17"
"S1401_C06_019MA","Annotation of Margin of Error!!Percent in private school!!Population 15 to 17"
"S1401_C06_020E","Estimate!!Percent in private school!!Population 15 to 17!!15 to 17 year olds enrolled in school"
"S1401_C06_020M","Margin of Error!!Percent in private school!!Population 15 to 17!!15 to 17 year olds enrolled in school"
"S1401_C06_020MA","Annotation of Margin of Error!!Percent in private school!!Population 15 to 17!!15 to 17 year olds enrolled in school"
"S1401_C06_020EA","Annotation of Estimate!!Percent in private school!!Population 15 to 17!!15 to 17 year olds enrolled in school"
"S1401_C06_021E","Estimate!!Percent in private school!!Population 18 to 19 years"
"S1401_C06_021EA","Annotation of Estimate!!Percent in private school!!Population 18 to 19 years"
"S1401_C06_021M","Margin of Error!!Percent in private school!!Population 18 to 19 years"
"S1401_C06_021MA","Annotation of Margin of Error!!Percent in private school!!Population 18 to 19 years"
"S1401_C06_022E","Estimate!!Percent in private school!!Population 18 to 19 years!!18 and 19 year olds enrolled in school"
"S1401_C06_022M","Margin of Error!!Percent in private school!!Population 18 to 19 years!!18 and 19 year olds enrolled in school"
"S1401_C06_022MA","Annotation of Margin of Error!!Percent in private school!!Population 18 to 19 years!!18 and 19 year olds enrolled in school"
"S1401_C06_022EA","Annotation of Estimate!!Percent in private school!!Population 18 to 19 years!!18 and 19 year olds enrolled in school"
"S1401_C06_023E","Estimate!!Percent in private school!!Population 20 to 24 years"
"S1401_C06_023EA","Annotation of Estimate!!Percent in private school!!Population 20 to 24 years"
"S1401_C06_023M","Margin of Error!!Percent in private school!!Population 20 to 24 years"
"S1401_C06_023MA","Annotation of Margin of Error!!Percent in private school!!Population 20 to 24 years"
"S1401_C06_024E","Estimate!!Percent in private school!!Population 20 to 24 years!!20 to 24 year olds enrolled in school"
"S1401_C06_024EA","Annotation of Estimate!!Percent in private school!!Population 20 to 24 years!!20 to 24 year olds enrolled in school"
"S1401_C06_024M","Margin of Error!!Percent in private school!!Population 20 to 24 years!!20 to 24 year olds enrolled in school"
"S1401_C06_024MA","Annotation of Margin of Error!!Percent in private school!!Population 20 to 24 years!!20 to 24 year olds enrolled in school"
"S1401_C06_025E","Estimate!!Percent in private school!!Population 25 to 34 years"
"S1401_C06_025EA","Annotation of Estimate!!Percent in private school!!Population 25 to 34 years"
"S1401_C06_025M","Margin of Error!!Percent in private school!!Population 25 to 34 years"
"S1401_C06_025MA","Annotation of Margin of Error!!Percent in private school!!Population 25 to 34 years"
"S1401_C06_026E","Estimate!!Percent in private school!!Population 25 to 34 years!!25 to 34 year olds enrolled in school"
"S1401_C06_026M","Margin of Error!!Percent in private school!!Population 25 to 34 years!!25 to 34 year olds enrolled in school"
"S1401_C06_026MA","Annotation of Margin of Error!!Percent in private school!!Population 25 to 34 years!!25 to 34 year olds enrolled in school"
"S1401_C06_026EA","Annotation of Estimate!!Percent in private school!!Population 25 to 34 years!!25 to 34 year olds enrolled in school"
"S1401_C06_027E","Estimate!!Percent in private school!!Population 35 years and over"
"S1401_C06_027EA","Annotation of Estimate!!Percent in private school!!Population 35 years and over"
"S1401_C06_027M","Margin of Error!!Percent in private school!!Population 35 years and over"
"S1401_C06_027MA","Annotation of Margin of Error!!Percent in private school!!Population 35 years and over"
"S1401_C06_028E","Estimate!!Percent in private school!!Population 35 years and over!!35 years and over enrolled in school"
"S1401_C06_028EA","Annotation of Estimate!!Percent in private school!!Population 35 years and over!!35 years and over enrolled in school"
"S1401_C06_028M","Margin of Error!!Percent in private school!!Population 35 years and over!!35 years and over enrolled in school"
"S1401_C06_028MA","Annotation of Margin of Error!!Percent in private school!!Population 35 years and over!!35 years and over enrolled in school"
"S1401_C06_029E","Estimate!!Percent in private school!!Population 18 to 24 years"
"S1401_C06_029EA","Annotation of Estimate!!Percent in private school!!Population 18 to 24 years"
"S1401_C06_029M","Margin of Error!!Percent in private school!!Population 18 to 24 years"
"S1401_C06_029MA","Annotation of Margin of Error!!Percent in private school!!Population 18 to 24 years"
"S1401_C06_030E","Estimate!!Percent in private school!!Population 18 to 24 years!!Enrolled in college or graduate school"
"S1401_C06_030EA","Annotation of Estimate!!Percent in private school!!Population 18 to 24 years!!Enrolled in college or graduate school"
"S1401_C06_030M","Margin of Error!!Percent in private school!!Population 18 to 24 years!!Enrolled in college or graduate school"
"S1401_C06_030MA","Annotation of Margin of Error!!Percent in private school!!Population 18 to 24 years!!Enrolled in college or graduate school"
"S1401_C06_031E","Estimate!!Percent in private school!!Population 18 to 24 years!!Males 18 to 24 years"
"S1401_C06_031EA","Annotation of Estimate!!Percent in private school!!Population 18 to 24 years!!Males 18 to 24 years"
"S1401_C06_031M","Margin of Error!!Percent in private school!!Population 18 to 24 years!!Males 18 to 24 years"
"S1401_C06_031MA","Annotation of Margin of Error!!Percent in private school!!Population 18 to 24 years!!Males 18 to 24 years"
"S1401_C06_032E","Estimate!!Percent in private school!!Population 18 to 24 years!!Males 18 to 24 years!!Enrolled in college or graduate school"
"S1401_C06_032EA","Annotation of Estimate!!Percent in private school!!Population 18 to 24 years!!Males 18 to 24 years!!Enrolled in college or graduate school"
"S1401_C06_032M","Margin of Error!!Percent in private school!!Population 18 to 24 years!!Males 18 to 24 years!!Enrolled in college or graduate school"
"S1401_C06_032MA","Annotation of Margin of Error!!Percent in private school!!Population 18 to 24 years!!Males 18 to 24 years!!Enrolled in college or graduate school"
"S1401_C06_033E","Estimate!!Percent in private school!!Population 18 to 24 years!!Females 18 to 24 years"
"S1401_C06_033EA","Annotation of Estimate!!Percent in private school!!Population 18 to 24 years!!Females 18 to 24 years"
"S1401_C06_033M","Margin of Error!!Percent in private school!!Population 18 to 24 years!!Females 18 to 24 years"
"S1401_C06_033MA","Annotation of Margin of Error!!Percent in private school!!Population 18 to 24 years!!Females 18 to 24 years"
"S1401_C06_034E","Estimate!!Percent in private school!!Population 18 to 24 years!!Females 18 to 24 years!!Enrolled in college or graduate school"
"S1401_C06_034EA","Annotation of Estimate!!Percent in private school!!Population 18 to 24 years!!Females 18 to 24 years!!Enrolled in college or graduate school"
"S1401_C06_034M","Margin of Error!!Percent in private school!!Population 18 to 24 years!!Females 18 to 24 years!!Enrolled in college or graduate school"
"S1401_C06_034MA","Annotation of Margin of Error!!Percent in private school!!Population 18 to 24 years!!Females 18 to 24 years!!Enrolled in college or graduate school"
